"id","full_name","team_name","position","height","weight","bat_side","pitch_hand","height_inches"
671096,"Andrew Abbott","Cincinnati Reds","Pitcher","6' 0""",192,"L","L",72
682928,"CJ Abrams","Washington Nationals","Shortstop","6' 0""",191,"L","R",72
650556,"Bryan Abreu","Houston Astros","Pitcher","6' 1""",230,"R","R",73
547989,"José Abreu","Houston Astros","First Base","6' 3""",250,"R","R",75
677800,"Wilyer Abreu","Boston Red Sox","Outfielder","5' 10""",215,"L","L",70
682668,"Luisangel Acuña","New York Mets","Shortstop","5' 7""",181,"R","R",67
660670,"Ronald Acuña Jr.","Atlanta Braves","Outfielder","6' 0""",205,"R","R",72
592094,"Jason Adam","San Diego Padres","Pitcher","6' 3""",229,"R","R",75
642715,"Willy Adames","Milwaukee Brewers","Shortstop","6' 0""",216,"R","R",72
613534,"Austin Adams","Oakland Athletics","Pitcher","6' 3""",220,"R","R",75
677941,"Jordyn Adams","Los Angeles Angels","Outfielder","6' 1""",181,"R","R",73
656180,"Riley Adams","Washington Nationals","Catcher","6' 4""",263,"R","R",76
686654,"Ty Adcock","New York Mets","Pitcher","6' 0""",213,"R","R",72
666176,"Jo Adell","Los Angeles Angels","Outfielder","6' 2""",215,"R","R",74
672851,"Joan Adon","Washington Nationals","Pitcher","6' 2""",247,"R","R",74
501303,"Ehire Adrianza","Los Angeles Angels","Shortstop","6' 1""",198,"S","R",73
687924,"Julian Aguiar","Cincinnati Reds","Pitcher","6' 3""",180,"L","R",75
605113,"Nick Ahmed","San Diego Padres","Shortstop","6' 1""",201,"R","R",73
669211,"Keegan Akin","Baltimore Orioles","Pitcher","6' 0""",235,"L","L",72
645277,"Ozzie Albies","Atlanta Braves","Second Base","5' 7""",165,"S","R",67
660896,"Jorge Alcala","Minnesota Twins","Pitcher","6' 3""",205,"R","R",75
682634,"Kevin Alcántara","Chicago Cubs","Designated Hitter","6' 6""",188,"R","R",78
691951,"Sam Aldegheri","Los Angeles Angels","Pitcher","6' 1""",210,"L","L",73
677942,"Blaze Alexander","Arizona Diamondbacks","Third Base","5' 11""",200,"R","R",71
680769,"CJ Alexander","Kansas City Royals","First Base","6' 3""",215,"L","R",75
518397,"Scott Alexander","Oakland Athletics","Pitcher","6' 2""",195,"L","L",74
641302,"Tyler Alexander","Tampa Bay Rays","Pitcher","6' 1""",214,"R","L",73
663465,"Kolby Allard","Philadelphia Phillies","Pitcher","6' 1""",195,"L","L",73
663531,"Logan Allen","Arizona Diamondbacks","Pitcher","6' 3""",200,"R","L",75
671106,"Logan Allen","Cleveland Guardians","Pitcher","6' 0""",190,"R","L",72
669397,"Nick Allen","Oakland Athletics","Shortstop","5' 7""",166,"R","R",67
622075,"Yency Almonte","Chicago Cubs","Pitcher","6' 5""",223,"R","R",77
624413,"Pete Alonso","New York Mets","First Base","6' 3""",245,"R","R",75
656186,"Dan Altavilla","Kansas City Royals","Pitcher","5' 11""",235,"R","R",71
514888,"Jose Altuve","Houston Astros","Second Base","5' 6""",167,"R","R",66
621237,"José Alvarado","Philadelphia Phillies","Pitcher","6' 2""",245,"L","L",74
669137,"Armando Alvarez","Oakland Athletics","Third Base","6' 0""",189,"R","R",72
657193,"Eddy Alvarez","New York Mets","Shortstop","5' 8""",178,"L","R",68
682626,"Francisco Alvarez","New York Mets","Catcher","5' 10""",233,"R","R",70
805373,"Nacho Alvarez Jr.","Atlanta Braves","Shortstop","5' 10""",190,"R","R",70
670541,"Yordan Alvarez","Houston Astros","Designated Hitter","6' 4""",237,"L","R",76
640470,"Adbert Alzolay","Chicago Cubs","Pitcher","6' 1""",208,"R","R",73
691182,"Adael Amador","Colorado Rockies","Second Base","5' 11""",209,"S","R",71
676070,"Jacob Amaya","Chicago White Sox","Shortstop","5' 10""",180,"R","R",70
665804,"Miguel Amaya","Chicago Cubs","Catcher","6' 1""",230,"R","R",73
605119,"Brian Anderson","Atlanta Braves","Third Base","6' 2""",215,"R","R",74
681982,"Grant Anderson","Texas Rangers","Pitcher","6' 0""",213,"R","R",72
605121,"Justin Anderson","Chicago White Sox","Pitcher","6' 3""",230,"L","R",75
623433,"Nick Anderson","Kansas City Royals","Pitcher","6' 4""",205,"R","R",76
502624,"Chase Anderson","Texas Rangers","Pitcher","6' 1""",210,"R","R",73
641312,"Shaun Anderson","Miami Marlins","Pitcher","6' 6""",228,"R","R",78
641313,"Tim Anderson","Miami Marlins","Shortstop","6' 0""",185,"R","R",72
542881,"Tyler Anderson","Los Angeles Angels","Pitcher","6' 2""",220,"L","L",74
677076,"Clayton Andrews","New York Yankees","Pitcher","5' 6""",160,"L","L",66
542882,"Matt Andriese","Miami Marlins","Pitcher","6' 2""",215,"R","R",74
609280,"Miguel Andujar","Oakland Athletics","Designated Hitter","6' 0""",211,"R","R",72
622088,"Tejay Antone","Cincinnati Reds","Pitcher","6' 4""",230,"R","R",76
666018,"Jonathan Aranda","Tampa Bay Rays","First Base","6' 0""",215,"L","R",72
606115,"Orlando Arcia","Atlanta Braves","Shortstop","5' 11""",187,"R","R",71
571448,"Nolan Arenado","St. Louis Cardinals","Third Base","6' 2""",215,"R","R",74
672356,"Gabriel Arias","Cleveland Guardians","Third Base","6' 1""",217,"R","R",73
542888,"Shawn Armstrong","Chicago Cubs","Pitcher","6' 2""",225,"R","R",74
668227,"Randy Arozarena","Seattle Mariners","Outfielder","5' 10""",185,"R","R",70
650333,"Luis Arraez","San Diego Padres","Second Base","5' 10""",186,"L","R",70
681293,"Spencer Arrighetti","Houston Astros","Pitcher","6' 2""",186,"R","R",74
676879,"Aaron Ashby","Milwaukee Brewers","Pitcher","6' 0""",194,"R","L",72
668933,"Graham Ashcraft","Cincinnati Reds","Pitcher","6' 2""",248,"L","R",74
665871,"Javier Assad","Chicago Cubs","Pitcher","6' 1""",200,"R","R",73
687014,"Nick Avila","San Francisco Giants","Pitcher","6' 4""",195,"R","R",76
658648,"Pedro Avila","Cleveland Guardians","Pitcher","5' 11""",210,"R","R",71
640492,"José Azócar","San Diego Padres","Outfielder","5' 11""",181,"R","R",71
669199,"Lake Bachar","Miami Marlins","Pitcher","6' 2""",219,"R","R",74
668731,"Akil Baddoo","Detroit Tigers","Outfielder","5' 11""",216,"L","L",71
664056,"Harrison Bader","New York Mets","Outfielder","5' 11""",219,"R","R",71
678225,"Jihwan Bae","Pittsburgh Pirates","Outfielder","5' 11""",185,"L","R",71
595879,"Javier Báez","Detroit Tigers","Shortstop","5' 11""",190,"R","R",71
672275,"Patrick Bailey","San Francisco Giants","Catcher","6' 0""",223,"S","R",72
641329,"Bryan Baker","Baltimore Orioles","Pitcher","6' 6""",235,"R","R",78
671117,"Darren Baker","Washington Nationals","Second Base","5' 10""",167,"L","R",70
663609,"Luken Baker","St. Louis Cardinals","First Base","6' 4""",285,"R","R",76
681460,"Brooks Baldwin","Chicago White Sox","Outfielder","6' 1""",195,"S","R",73
607455,"Anthony Banda","Los Angeles Dodgers","Pitcher","6' 2""",221,"L","L",74
621383,"Tanner Banks","Philadelphia Phillies","Pitcher","6' 1""",205,"R","L",73
675915,"David Bañuelos","Baltimore Orioles","Catcher","5' 9""",205,"R","R",69
680718,"Addison Barger","Toronto Blue Jays","Outfielder","5' 11""",210,"L","R",71
605130,"Scott Barlow","Cleveland Guardians","Pitcher","6' 3""",210,"R","R",75
605131,"Austin Barnes","Los Angeles Dodgers","Catcher","5' 9""",187,"R","R",69
606930,"Jacob Barnes","Washington Nationals","Pitcher","6' 2""",231,"R","R",74
598264,"Matt Barnes","Washington Nationals","Pitcher","6' 4""",208,"R","R",76
571466,"Tucker Barnhart","Arizona Diamondbacks","Catcher","5' 8""",192,"L","R",68
678489,"Jorge Barrosa","Arizona Diamondbacks","Outfielder","5' 6""",175,"S","L",66
663698,"Joey Bart","Pittsburgh Pirates","Catcher","6' 2""",242,"R","R",74
605135,"Chris Bassitt","Toronto Blue Jays","Pitcher","6' 5""",220,"R","R",77
669620,"Brady Basso","Oakland Athletics","Pitcher","6' 2""",213,"R","L",74
676946,"Matthew Batten","San Diego Padres","Second Base","5' 10""",180,"R","R",70
683146,"Brett Baty","New York Mets","Third Base","6' 3""",210,"L","R",75
641343,"Jake Bauers","Milwaukee Brewers","First Base","6' 0""",216,"L","L",72
657508,"Mike Baumann","Miami Marlins","Pitcher","6' 4""",240,"R","R",76
669358,"Shane Baz","Tampa Bay Rays","Pitcher","6' 3""",200,"R","R",75
660825,"Eduard Bazardo","Seattle Mariners","Pitcher","6' 0""",190,"R","R",72
687597,"Jordan Beck","Colorado Rockies","Outfielder","6' 2""",227,"R","R",74
663941,"Tristan Beck","San Francisco Giants","Pitcher","6' 4""",200,"R","R",76
670280,"David Bednar","Pittsburgh Pirates","Pitcher","6' 1""",250,"L","R",73
595881,"Tyler Beede","Cleveland Guardians","Pitcher","6' 2""",216,"R","R",74
656222,"Jalen Beeks","Pittsburgh Pirates","Pitcher","5' 11""",215,"L","L",71
690925,"Clayton Beeter","New York Yankees","Pitcher","6' 2""",220,"R","R",74
605137,"Josh Bell","Arizona Diamondbacks","Designated Hitter","6' 3""",261,"S","R",75
641355,"Cody Bellinger","Chicago Cubs","Outfielder","6' 3""",204,"L","L",75
678394,"Brayan Bello","Boston Red Sox","Pitcher","6' 1""",195,"R","R",73
678368,"Valente Bellozo","Miami Marlins","Pitcher","5' 10""",221,"R","R",70
669622,"Anthony Bender","Miami Marlins","Pitcher","6' 4""",205,"R","R",76
643217,"Andrew Benintendi","Chicago White Sox","Designated Hitter","5' 9""",185,"L","L",69
666181,"Will Benson","Cincinnati Reds","Outfielder","6' 4""",230,"L","L",76
642834,"Jonathan Bermúdez","Miami Marlins","Pitcher","6' 2""",226,"L","L",74
657514,"Brennan Bernardino","Boston Red Sox","Pitcher","6' 4""",216,"L","L",76
621244,"José Berríos","Toronto Blue Jays","Pitcher","6' 0""",205,"R","R",72
672860,"Prelander Berroa","Chicago White Sox","Pitcher","5' 11""",215,"R","R",71
672642,"Steward Berroa","Toronto Blue Jays","Outfielder","5' 9""",193,"S","R",69
542932,"Jon Berti","New York Yankees","Second Base","5' 10""",190,"R","R",70
542194,"Christian Bethancourt","Chicago Cubs","Catcher","6' 1""",205,"R","R",73
605141,"Mookie Betts","Los Angeles Dodgers","Shortstop","5' 9""",180,"R","R",69
676440,"Tanner Bibee","Cleveland Guardians","Pitcher","6' 2""",205,"R","R",74
666182,"Bo Bichette","Toronto Blue Jays","Third Base","5' 11""",190,"R","R",71
641360,"Phil Bickford","New York Yankees","Pitcher","6' 4""",200,"R","R",76
674370,"Osvaldo Bido","Oakland Athletics","Pitcher","6' 3""",175,"R","R",75
669456,"Shane Bieber","Cleveland Guardians","Pitcher","6' 3""",200,"R","R",75
656232,"Brandon Bielak","Oakland Athletics","Pitcher","6' 2""",221,"L","R",74
685801,"Hunter Bigge","Tampa Bay Rays","Pitcher","6' 0""",215,"R","R",72
624415,"Cavan Biggio","Atlanta Braves","First Base","6' 0""",200,"L","R",72
656234,"Jake Bird","Colorado Rockies","Pitcher","6' 3""",215,"R","R",75
806185,"Hayden Birdsong","San Francisco Giants","Pitcher","6' 5""",225,"R","R",77
702352,"Spencer Bivens","San Francisco Giants","Pitcher","6' 4""",220,"R","R",76
621389,"Ty Blach","Colorado Rockies","Pitcher","6' 1""",215,"R","L",73
696131,"Mason Black","San Francisco Giants","Pitcher","6' 3""",228,"R","R",75
672012,"Tyler Black","Milwaukee Brewers","Designated Hitter","6' 0""",208,"L","R",72
621112,"Paul Blackburn","New York Mets","Pitcher","6' 1""",196,"R","R",73
453568,"Charlie Blackmon","Colorado Rockies","Outfielder","6' 3""",221,"L","L",75
687134,"Bradley Blalock","Colorado Rockies","Pitcher","6' 2""",213,"R","R",74
680118,"Dairon Blanco","Kansas City Royals","Outfielder","6' 0""",200,"R","R",72
669854,"Ronel Blanco","Houston Astros","Pitcher","6' 3""",265,"R","R",75
663905,"Travis Blankenhorn","Washington Nationals","Outfielder","6' 1""",237,"L","R",73
668709,"JJ Bleday","Oakland Athletics","Outfielder","6' 2""",205,"L","L",74
656240,"Scott Blewett","Minnesota Twins","Pitcher","6' 6""",245,"R","R",78
669208,"Ryan Bliss","Seattle Mariners","Second Base","5' 7""",165,"R","R",67
814005,"Jake Bloss","Houston Astros","Pitcher","6' 3""",223,"R","R",75
593428,"Xander Bogaerts","San Diego Padres","Shortstop","6' 2""",218,"R","R",74
664761,"Alec Bohm","Philadelphia Phillies","Third Base","6' 4""",218,"R","R",76
675989,"Cody Bolton","Seattle Mariners","Pitcher","6' 2""",210,"R","R",74
592155,"Cam Booser","Boston Red Sox","Pitcher","6' 3""",230,"L","L",75
621366,"Ryan Borucki","Pittsburgh Pirates","Pitcher","6' 4""",210,"L","L",76
623520,"David Bote","Chicago Cubs","Third Base","5' 11""",205,"R","R",71
656248,"Sean Bouchard","Colorado Rockies","Outfielder","6' 2""",215,"R","R",74
676961,"Caleb Boushley","Minnesota Twins","Pitcher","6' 3""",190,"R","R",75
680742,"Jonathan Bowlan","Kansas City Royals","Pitcher","6' 6""",240,"R","R",78
621199,"Matt Bowman","Baltimore Orioles","Pitcher","6' 0""",185,"R","R",72
571510,"Matthew Boyd","Cleveland Guardians","Pitcher","6' 3""",223,"L","L",75
671212,"Joe Boyle","Oakland Athletics","Pitcher","6' 8""",250,"R","R",80
674003,"Cody Bradford","Texas Rangers","Pitcher","6' 4""",197,"L","L",76
680694,"Kyle Bradish","Baltimore Orioles","Pitcher","6' 3""",215,"R","R",75
671737,"Taj Bradley","Tampa Bay Rays","Pitcher","6' 2""",220,"R","R",74
542963,"Rob Brantly","Tampa Bay Rays","Catcher","6' 1""",190,"L","R",73
518489,"Ryan Brasier","Los Angeles Dodgers","Pitcher","6' 0""",223,"R","R",72
623211,"Huascar Brazobán","New York Mets","Pitcher","6' 3""",155,"R","R",75
605154,"John Brebbia","Atlanta Braves","Pitcher","6' 1""",219,"L","R",73
608324,"Alex Bregman","Houston Astros","Third Base","5' 10""",190,"R","R",70
686823,"Will Brennan","Cleveland Guardians","Outfielder","5' 11""",205,"L","L",71
605155,"Colten Brewer","Chicago Cubs","Pitcher","6' 4""",222,"R","R",76
681146,"Jonah Bride","Miami Marlins","Third Base","5' 11""",200,"R","R",71
689225,"Beau Brieske","Detroit Tigers","Pitcher","6' 3""",200,"R","R",75
666745,"Jhony Brito","San Diego Padres","Pitcher","6' 2""",210,"R","R",74
641401,"Connor Brogdon","Los Angeles Dodgers","Pitcher","6' 6""",205,"R","R",78
605156,"Aaron Brooks","Oakland Athletics","Pitcher","6' 4""",230,"R","R",76
670092,"Trenton Brooks","San Francisco Giants","Outfielder","5' 11""",195,"L","L",71
676962,"Ben Brown","Chicago Cubs","Pitcher","6' 6""",210,"R","R",78
686613,"Hunter Brown","Houston Astros","Pitcher","6' 2""",220,"R","R",74
664913,"Seth Brown","Oakland Athletics","Outfielder","6' 1""",223,"L","L",73
677865,"Justin Bruihl","Pittsburgh Pirates","Pitcher","6' 2""",215,"L","L",74
660644,"Vidal Bruján","Miami Marlins","Shortstop","5' 9""",180,"S","R",69
592178,"Kris Bryant","Colorado Rockies","Designated Hitter","6' 5""",240,"R","R",77
694350,"Zach Brzykcy","Washington Nationals","Pitcher","6' 2""",208,"R","R",74
663460,"Kris Bubic","Kansas City Royals","Pitcher","6' 3""",220,"L","L",75
571527,"David Buchanan","Cincinnati Reds","Pitcher","6' 3""",200,"R","R",75
621111,"Walker Buehler","Los Angeles Dodgers","Pitcher","6' 2""",185,"R","R",74
656266,"J.B. Bukauskas","Milwaukee Brewers","Pitcher","6' 0""",210,"R","R",72
607481,"Aaron Bummer","Atlanta Braves","Pitcher","6' 3""",215,"L","L",75
595897,"Nick Burdi","New York Yankees","Pitcher","6' 3""",225,"R","R",75
669394,"Jake Burger","Miami Marlins","First Base","6' 0""",230,"R","R",72
670103,"Raymond Burgos","San Francisco Giants","Pitcher","6' 5""",209,"L","L",77
656271,"Brock Burke","Los Angeles Angels","Pitcher","6' 4""",210,"L","L",76
680732,"Sean Burke","Chicago White Sox","Pitcher","6' 6""",240,"R","R",78
676475,"Alec Burleson","St. Louis Cardinals","First Base","6' 0""",225,"L","L",72
669203,"Corbin Burnes","Baltimore Orioles","Pitcher","6' 3""",245,"R","R",75
621114,"Ryan Burr","Toronto Blue Jays","Pitcher","6' 4""",220,"R","R",76
681347,"Mike Burrows","Pittsburgh Pirates","Pitcher","6' 1""",200,"R","R",73
683737,"Michael Busch","Chicago Cubs","First Base","5' 11""",210,"L","R",71
641427,"Alan Busenitz","Cincinnati Reds","Pitcher","6' 1""",180,"R","R",73
681066,"Ky Bush","Chicago White Sox","Pitcher","6' 6""",250,"L","L",78
671732,"Lawrence Butler","Oakland Athletics","Outfielder","6' 3""",210,"L","R",75
676130,"José Buttó","New York Mets","Pitcher","6' 0""",208,"R","R",72
621439,"Byron Buxton","Minnesota Twins","Outfielder","6' 1""",190,"R","R",73
676609,"José Caballero","Tampa Bay Rays","Shortstop","5' 9""",190,"R","R",69
663550,"Trey Cabbage","Houston Astros","Third Base","6' 2""",204,"L","R",74
665795,"Edward Cabrera","Miami Marlins","Pitcher","6' 5""",217,"R","R",77
650893,"Génesis Cabrera","Toronto Blue Jays","Pitcher","6' 2""",180,"L","L",74
665828,"Oswaldo Cabrera","New York Yankees","Third Base","6' 0""",200,"S","R",72
641432,"Willie Calhoun","Los Angeles Angels","First Base","5' 8""",205,"L","R",68
669743,"Alex Call","Washington Nationals","Outfielder","5' 11""",189,"R","R",71
665856,"Jair Camargo","Minnesota Twins","Catcher","5' 10""",230,"R","R",70
663662,"Daz Cameron","Oakland Athletics","Outfielder","6' 0""",185,"R","R",72
691406,"Junior Caminero","Tampa Bay Rays","Third Base","6' 1""",220,"R","R",73
663462,"Isaiah Campbell","Boston Red Sox","Pitcher","6' 4""",230,"R","R",76
672569,"Gustavo Campero","Los Angeles Angels","Outfield","5' 6""",183,"S","R",66
669134,"Luis Campusano","San Diego Padres","Catcher","5' 10""",232,"R","R",70
672744,"Alexander Canario","Chicago Cubs","Outfielder","6' 0""",215,"R","R",72
600869,"Jeimer Candelario","Cincinnati Reds","Third Base","6' 1""",222,"S","R",73
592192,"Mark Canha","San Francisco Giants","Outfielder","6' 1""",200,"R","R",73
656288,"Griffin Canning","Los Angeles Angels","Pitcher","6' 2""",180,"R","R",74
686563,"Jonathan Cannon","Chicago White Sox","Pitcher","6' 6""",225,"R","R",78
666974,"Yennier Cano","Baltimore Orioles","Pitcher","6' 4""",245,"R","R",76
676282,"Joey Cantillo","Cleveland Guardians","Pitcher","6' 4""",225,"L","L",76
686527,"Dominic Canzone","Seattle Mariners","Designated Hitter","6' 0""",190,"L","R",72
668843,"Conner Capel","Cincinnati Reds","Outfielder","6' 0""",185,"L","L",72
681962,"Vinny Capra","Milwaukee Brewers","Third Base","5' 8""",188,"R","R",68
571539,"Matt Carasiti","Colorado Rockies","Pitcher","6' 2""",205,"R","R",74
605170,"Victor Caratini","Houston Astros","Catcher","6' 0""",225,"S","R",72
666185,"Dylan Carlson","Tampa Bay Rays","Outfielder","6' 1""",200,"S","L",73
681481,"Kerry Carpenter","Detroit Tigers","Outfielder","6' 1""",220,"L","R",73
572761,"Matt Carpenter","St. Louis Cardinals","Third Base","6' 4""",224,"L","R",76
471911,"Carlos Carrasco","Cleveland Guardians","Pitcher","6' 4""",224,"R","R",76
682998,"Corbin Carroll","Arizona Diamondbacks","Outfielder","5' 10""",180,"L","L",70
694497,"Evan Carter","Texas Rangers","Outfielder","6' 2""",190,"L","R",74
592200,"Curt Casali","San Francisco Giants","Catcher","6' 2""",220,"R","R",74
671213,"Triston Casas","Boston Red Sox","First Base","6' 4""",244,"L","R",76
676508,"Ben Casparius","Los Angeles Dodgers","Pitcher","6' 2""",215,"R","R",74
528748,"Humberto Castellanos","Arizona Diamondbacks","Pitcher","5' 11""",222,"R","R",71
592206,"Nick Castellanos","Philadelphia Phillies","Outfielder","6' 3""",203,"R","R",75
660636,"Diego Castillo","Minnesota Twins","Shortstop","5' 11""",185,"R","R",71
650895,"Diego Castillo","Minnesota Twins","Pitcher","6' 3""",268,"R","R",75
622491,"Luis Castillo","Seattle Mariners","Pitcher","6' 2""",200,"R","R",74
612434,"Miguel Castro","Arizona Diamondbacks","Pitcher","6' 7""",201,"R","R",79
650489,"Willi Castro","Minnesota Twins","Second Base","6' 0""",209,"S","R",72
595909,"Jake Cave","Colorado Rockies","Outfielder","6' 0""",200,"L","L",72
656302,"Dylan Cease","San Diego Padres","Pitcher","6' 2""",200,"R","R",74
677944,"Slade Cecconi","Arizona Diamondbacks","Pitcher","6' 4""",219,"R","R",76
605177,"Andrew Chafin","Texas Rangers","Pitcher","6' 2""",235,"R","L",74
665953,"Andrés Chaparro","Washington Nationals","First Base","6' 0""",200,"R","R",72
547973,"Aroldis Chapman","Pittsburgh Pirates","Pitcher","6' 4""",235,"L","L",76
656305,"Matt Chapman","San Francisco Giants","Third Base","6' 1""",220,"R","R",73
608638,"JT Chargois","Seattle Mariners","Pitcher","6' 3""",200,"S","R",75
445926,"Jesse Chavez","Atlanta Braves","Pitcher","6' 1""",180,"R","R",73
630023,"Yonny Chirinos","Miami Marlins","Pitcher","6' 2""",225,"R","R",74
665862,"Jazz Chisholm Jr.","New York Yankees","Second Base","5' 11""",184,"L","R",71
683409,"Angel Chivilli","Colorado Rockies","Pitcher","6' 2""",185,"R","R",74
694192,"Jackson Chourio","Milwaukee Brewers","Outfielder","6' 1""",199,"R","R",73
687847,"Marc Church","Texas Rangers","Pitcher","6' 3""",189,"R","R",75
643256,"Adam Cimber","Los Angeles Angels","Pitcher","6' 3""",195,"R","R",75
542585,"José Cisnero","Los Angeles Angels","Pitcher","6' 3""",258,"R","R",75
650644,"Aaron Civale","Milwaukee Brewers","Pitcher","6' 1""",245,"R","R",73
661403,"Emmanuel Clase","Cleveland Guardians","Pitcher","6' 2""",206,"R","R",74
682729,"Jonatan Clase","Toronto Blue Jays","Outfielder","5' 10""",150,"S","R",70
664076,"Garrett Cleavinger","Tampa Bay Rays","Pitcher","6' 1""",225,"R","L",73
665019,"Kody Clemens","Philadelphia Phillies","Second Base","6' 0""",200,"L","R",72
676391,"Ernie Clement","Toronto Blue Jays","Second Base","6' 0""",170,"R","R",72
605182,"Mike Clevinger","Chicago White Sox","Pitcher","6' 4""",215,"R","R",76
502171,"Alex Cobb","Cleveland Guardians","Pitcher","6' 3""",205,"R","R",75
693049,"Oscar Colás","Chicago White Sox","Outfielder","6' 0""",230,"L","L",72
543037,"Gerrit Cole","New York Yankees","Pitcher","6' 4""",220,"R","R",76
669395,"Dylan Coleman","Houston Astros","Pitcher","6' 5""",235,"R","R",77
686555,"Isaac Collins","Milwaukee Brewers","Outfielder","5' 8""",188,"S","R",68
624424,"Michael Conforto","San Francisco Giants","Designated Hitter","5' 11""",215,"L","R",71
665052,"Griffin Conine","Miami Marlins","Outfielder","6' 1""",210,"L","R",73
664351,"Luis Contreras","Houston Astros","Pitcher","6' 1""",175,"R","R",73
672710,"Roansy Contreras","Los Angeles Angels","Pitcher","6' 1""",205,"R","R",73
661388,"William Contreras","Milwaukee Brewers","Catcher","5' 10""",217,"R","R",70
575929,"Willson Contreras","St. Louis Cardinals","First Base","6' 0""",240,"R","R",72
695257,"Billy Cook","Pittsburgh Pirates","Outfielder","6' 0""",204,"R","R",72
643265,"Garrett Cooper","Boston Red Sox","First Base","6' 4""",235,"R","R",76
571578,"Patrick Corbin","Washington Nationals","Pitcher","6' 4""",225,"L","L",76
621043,"Carlos Correa","Minnesota Twins","Shortstop","6' 3""",220,"R","R",75
641482,"Nestor Cortes","New York Yankees","Pitcher","5' 10""",225,"R","L",70
676680,"Tom Cosgrove","San Diego Padres","Pitcher","6' 2""",190,"L","L",74
543056,"Danny Coulombe","Baltimore Orioles","Pitcher","5' 10""",190,"L","L",70
664776,"Jake Cousins","New York Yankees","Pitcher","6' 4""",195,"R","R",76
681297,"Colton Cowser","Baltimore Orioles","Outfielder","6' 3""",220,"L","R",75
543063,"Brandon Crawford","St. Louis Cardinals","Shortstop","6' 1""",223,"L","R",73
641487,"J.P. Crawford","Seattle Mariners","Shortstop","6' 0""",202,"L","R",72
676710,"Kutter Crawford","Boston Red Sox","Pitcher","6' 1""",195,"R","R",73
686611,"Dylan Crews","Washington Nationals","Outfielder","5' 11""",203,"R","R",71
622503,"Nabil Crismatt","Los Angeles Dodgers","Pitcher","6' 1""",220,"R","R",73
681867,"Cooper Criswell","Boston Red Sox","Pitcher","6' 6""",200,"R","R",78
676105,"Jeff Criswell","Colorado Rockies","Pitcher","6' 4""",236,"R","R",76
676979,"Garrett Crochet","Chicago White Sox","Pitcher","6' 6""",245,"L","L",78
630105,"Jake Cronenworth","San Diego Padres","Second Base","5' 11""",187,"L","R",71
686539,"Declan Cronin","Miami Marlins","Pitcher","6' 4""",225,"R","R",76
668968,"Hans Crouse","Los Angeles Angels","Pitcher","6' 4""",180,"L","R",76
691718,"Pete Crow-Armstrong","Chicago Cubs","Outfielder","6' 0""",184,"L","L",72
518585,"Fernando Cruz","Cincinnati Reds","Pitcher","6' 2""",237,"R","R",74
665833,"Oneil Cruz","Pittsburgh Pirates","Outfielder","6' 7""",248,"L","R",79
674444,"Steven Cruz","Kansas City Royals","Pitcher","6' 7""",225,"R","R",79
621016,"Jose Cuas","Toronto Blue Jays","Pitcher","6' 3""",195,"R","R",75
456501,"Johnny Cueto","Los Angeles Angels","Pitcher","5' 11""",229,"R","R",71
675540,"Xzavion Curry","Miami Marlins","Pitcher","6' 0""",195,"R","R",72
595928,"John Curtiss","Colorado Rockies","Pitcher","6' 5""",220,"R","R",77
518595,"Travis d'Arnaud","Atlanta Braves","Catcher","6' 0""",210,"R","R",72
621311,"David Dahl","Philadelphia Phillies","Outfielder","6' 1""",197,"L","R",73
666915,"Bobby Dalbec","Boston Red Sox","First Base","6' 3""",225,"R","R",75
702674,"Caden Dana","Los Angeles Angels","Pitcher","6' 4""",215,"L","R",76
669721,"Davis Daniel","Los Angeles Angels","Pitcher","6' 1""",190,"R","R",73
506433,"Yu Darvish","San Diego Padres","Pitcher","6' 5""",220,"R","R",77
656353,"Tucker Davidson","Baltimore Orioles","Pitcher","6' 2""",215,"L","L",74
656354,"Austin Davis","San Diego Padres","Pitcher","6' 4""",235,"L","L",76
680779,"Henry Davis","Pittsburgh Pirates","Catcher","5' 11""",225,"R","R",71
605204,"J.D. Davis","New York Yankees","Third Base","6' 1""",218,"R","R",73
663562,"Noah Davis","Colorado Rockies","Pitcher","6' 2""",219,"R","R",74
676969,"Brett de Geus","Toronto Blue Jays","Pitcher","6' 2""",215,"R","R",74
594798,"Jacob deGrom","Texas Rangers","Pitcher","6' 4""",180,"L","R",76
657557,"Paul DeJong","Kansas City Royals","Third Base","6' 0""",205,"R","R",72
650559,"Bryan De La Cruz","Pittsburgh Pirates","Outfielder","6' 0""",175,"R","R",72
682829,"Elly De La Cruz","Cincinnati Reds","Shortstop","6' 6""",200,"S","R",78
641511,"Jason Delay","Pittsburgh Pirates","Catcher","5' 11""",200,"R","R",71
680728,"Adrian Del Castillo","Arizona Diamondbacks","Designated Hitter","5' 9""",205,"L","R",69
676113,"Zach DeLoach","Chicago White Sox","Outfielder","6' 1""",215,"L","R",73
660853,"Enyel De Los Santos","Chicago White Sox","Pitcher","6' 3""",235,"R","R",75
665782,"Luis De Los Santos","Toronto Blue Jays","Third Base","6' 2""",160,"R","R",74
676356,"Jonny DeLuca","Tampa Bay Rays","Outfielder","5' 10""",195,"R","R",70
672282,"Reid Detmers","Los Angeles Angels","Pitcher","6' 2""",210,"L","L",74
606965,"Chris Devenski","Tampa Bay Rays","Pitcher","6' 3""",208,"R","R",75
672701,"José Devers","Miami Marlins","Shortstop","6' 0""",174,"L","R",72
646240,"Rafael Devers","Boston Red Sox","First Base","6' 0""",235,"L","R",72
701305,"Zach Dezenzo","Houston Astros","Outfielder","6' 5""",220,"R","R",77
649557,"Aledmys Díaz","Houston Astros","Shortstop","6' 1""",195,"R","R",73
664747,"Alexis Díaz","Cincinnati Reds","Pitcher","6' 2""",224,"R","R",74
621242,"Edwin Díaz","New York Mets","Pitcher","6' 3""",165,"R","R",75
553869,"Elias Díaz","San Diego Padres","Catcher","6' 1""",223,"R","R",73
646242,"Jhonathan Díaz","Seattle Mariners","Pitcher","6' 0""",170,"L","L",72
622766,"Miguel Díaz","Houston Astros","Pitcher","6' 0""",221,"R","R",72
673237,"Yainer Diaz","Houston Astros","Catcher","5' 11""",195,"R","R",71
650490,"Yandy Díaz","Tampa Bay Rays","Designated Hitter","6' 0""",235,"R","R",72
700270,"Yilber Díaz","Arizona Diamondbacks","Pitcher","6' 0""",190,"R","R",72
518617,"Jake Diekman","New York Mets","Pitcher","6' 4""",195,"R","L",76
693307,"Dillon Dingler","Detroit Tigers","Catcher","6' 1""",210,"R","R",73
677976,"Randy Dobnak","Minnesota Twins","Pitcher","6' 1""",230,"R","R",73
689266,"Dylan Dodd","Atlanta Braves","Pitcher","6' 2""",210,"L","L",74
691176,"Jasson Domínguez","New York Yankees","Outfielder","5' 9""",218,"S","R",69
622554,"Seranthony Domínguez","Baltimore Orioles","Pitcher","6' 1""",225,"R","R",73
680977,"Brendan Donovan","St. Louis Cardinals","Third Base","5' 11""",210,"L","R",71
666808,"Camilo Doval","San Francisco Giants","Pitcher","6' 2""",205,"R","R",74
686668,"Brenton Doyle","Colorado Rockies","Outfielder","6' 3""",223,"R","R",75
686482,"Logan Driscoll","Tampa Bay Rays","Catcher","5' 11""",225,"L","R",71
592273,"Brandon Drury","Los Angeles Angels","Third Base","6' 1""",225,"R","R",73
650960,"Daniel Duarte","Minnesota Twins","Pitcher","6' 0""",235,"R","R",72
681869,"Shawn Dubin","Houston Astros","Pitcher","6' 0""",164,"R","R",72
643289,"Mauricio Dubón","Houston Astros","Outfielder","5' 11""",173,"R","R",71
608648,"Tyler Duffey","Kansas City Royals","Pitcher","6' 3""",220,"R","R",75
622110,"Matt Duffy","Texas Rangers","Third Base","6' 2""",190,"R","R",74
694362,"Blake Dunn","Cincinnati Reds","Outfielder","5' 9""",210,"R","R",69
686554,"Oliver Dunn","Milwaukee Brewers","Third Base","5' 10""",207,"L","R",70
641540,"Dane Dunning","Texas Rangers","Pitcher","6' 4""",225,"R","R",76
670161,"Parker Dunshee","Atlanta Braves","Pitcher","6' 0""",215,"R","R",72
677649,"Ezequiel Duran","Texas Rangers","Shortstop","5' 10""",185,"R","R",70
680776,"Jarren Duran","Boston Red Sox","Outfielder","6' 0""",205,"L","R",72
661395,"Jhoan Duran","Minnesota Twins","Pitcher","6' 5""",230,"R","R",77
594807,"Adam Duvall","Atlanta Braves","Outfielder","6' 1""",233,"R","R",73
671109,"Jake Eder","Chicago White Sox","Pitcher","6' 4""",225,"L","L",76
669242,"Tommy Edman","Los Angeles Dodgers","Second Base","5' 10""",193,"S","R",70
605218,"Carl Edwards Jr.","San Diego Padres","Pitcher","6' 3""",165,"R","R",75
669364,"Xavier Edwards","Miami Marlins","Second Base","5' 9""",175,"S","R",69
664123,"Scott Effross","New York Yankees","Pitcher","6' 2""",202,"R","R",74
621107,"Zach Eflin","Baltimore Orioles","Pitcher","6' 6""",230,"R","R",78
685126,"Brandon Eisert","Toronto Blue Jays","Pitcher","6' 2""",210,"L","L",74
693821,"Bryce Elder","Atlanta Braves","Pitcher","6' 2""",220,"R","R",74
686642,"Fraser Ellard","Chicago White Sox","Pitcher","6' 3""",220,"L","L",75
668752,"Duke Ellis","New York Yankees","Outfielder","6' 2""",180,"L","L",74
592288,"Kent Emanuel","Miami Marlins","Pitcher","6' 4""",225,"L","L",76
666464,"Jerar Encarnacion","San Francisco Giants","Outfielder","6' 4""",265,"R","R",76
687952,"Christian Encarnacion-Strand","Cincinnati Reds","Third Base","6' 1""",224,"R","R",73
669438,"Mason Englert","Detroit Tigers","Pitcher","6' 4""",205,"S","R",76
543135,"Nathan Eovaldi","Texas Rangers","Pitcher","6' 2""",217,"R","R",74
668674,"Lucas Erceg","Kansas City Royals","Pitcher","6' 2""",214,"L","R",74
669289,"Santiago Espinal","Cincinnati Reds","Third Base","5' 9""",185,"R","R",69
502179,"Paolo Espino","Toronto Blue Jays","Pitcher","5' 10""",212,"R","R",70
683155,"Joey Estes","Oakland Athletics","Pitcher","6' 2""",190,"R","R",74
608032,"Carlos Estévez","Philadelphia Phillies","Pitcher","6' 6""",277,"R","R",78
669093,"Jeremiah Estrada","San Diego Padres","Pitcher","6' 1""",185,"S","R",73
642731,"Thairo Estrada","San Francisco Giants","Second Base","5' 10""",185,"R","R",70
660758,"Sandro Fabian","Texas Rangers","Outfielder","5' 11""",180,"R","R",71
656412,"Alex Faedo","Detroit Tigers","Pitcher","6' 6""",225,"R","R",78
664126,"Pete Fairbanks","Tampa Bay Rays","Pitcher","6' 6""",235,"R","R",78
656413,"Stuart Fairchild","Cincinnati Reds","Outfielder","5' 11""",205,"R","R",71
663559,"Bailey Falter","Pittsburgh Pirates","Pitcher","6' 4""",205,"R","L",76
571656,"Buck Farmer","Cincinnati Reds","Pitcher","6' 4""",243,"L","R",76
571657,"Kyle Farmer","Minnesota Twins","Designated Hitter","5' 11""",205,"R","R",71
676534,"Calvin Faucher","Miami Marlins","Pitcher","6' 1""",190,"R","R",73
607200,"Erick Fedde","St. Louis Cardinals","Pitcher","6' 4""",205,"R","R",76
676439,"Hunter Feduccia","Los Angeles Dodgers","Catcher","6' 1""",215,"L","R",73
621399,"Brady Feigl","Pittsburgh Pirates","Pitcher","6' 4""",195,"R","L",76
663372,"Ryan Feltner","Colorado Rockies","Pitcher","6' 4""",200,"R","R",76
657571,"Caleb Ferguson","Houston Astros","Pitcher","6' 3""",225,"R","L",75
621053,"Tyler Ferguson","Oakland Athletics","Pitcher","6' 4""",225,"R","R",76
666023,"Freddy Fermin","Kansas City Royals","Catcher","5' 10""",200,"R","R",70
665877,"José Fermín","St. Louis Cardinals","Outfielder","5' 10""",198,"R","R",70
681676,"Ryan Fernandez","St. Louis Cardinals","Pitcher","6' 0""",200,"R","R",72
678606,"José A. Ferrer","Washington Nationals","Pitcher","6' 1""",233,"L","L",73
701581,"David Festa","Minnesota Twins","Pitcher","6' 6""",185,"R","R",78
670036,"Matt Festa","Texas Rangers","Pitcher","6' 1""",195,"R","R",73
656420,"J.P. Feyereisen","Los Angeles Dodgers","Pitcher","6' 2""",215,"R","R",74
640448,"Kyle Finnegan","Washington Nationals","Pitcher","6' 2""",198,"R","R",74
690916,"Richard Fitts","Boston Red Sox","Pitcher","6' 3""",230,"R","R",75
666149,"Tyler Fitzgerald","San Francisco Giants","Second Base","6' 2""",214,"R","R",74
656427,"Jack Flaherty","Los Angeles Dodgers","Pitcher","6' 4""",225,"R","R",76
676596,"Josh Fleming","Pittsburgh Pirates","Pitcher","6' 2""",220,"L","L",74
664058,"David Fletcher","Atlanta Braves","Second Base","5' 9""",185,"R","R",69
666150,"Dominic Fletcher","Chicago White Sox","Outfielder","5' 8""",183,"L","L",68
623167,"Chris Flexen","Chicago White Sox","Pitcher","6' 3""",220,"R","R",75
527038,"Wilmer Flores","San Francisco Giants","First Base","6' 3""",225,"R","R",75
664314,"Estevan Florial","Cleveland Guardians","Outfielder","6' 1""",195,"L","R",73
571670,"Dylan Floro","Arizona Diamondbacks","Pitcher","6' 2""",212,"L","R",74
671345,"Jason Foley","Detroit Tigers","Pitcher","6' 4""",215,"R","R",76
645801,"Mike Ford","Cincinnati Reds","First Base","6' 0""",225,"L","R",72
663743,"Nick Fortes","Miami Marlins","Catcher","5' 11""",198,"R","R",71
679822,"Justin Foscue","Texas Rangers","Second Base","5' 11""",205,"R","R",71
641582,"Matt Foster","Chicago White Sox","Pitcher","6' 0""",200,"R","R",72
641584,"Jake Fraley","Cincinnati Reds","Outfielder","5' 11""",206,"L","L",71
641585,"J.P. France","Houston Astros","Pitcher","6' 0""",198,"R","R",72
664034,"Ty France","Cincinnati Reds","First Base","5' 10""",215,"R","R",70
670102,"Bowden Francis","Toronto Blue Jays","Pitcher","6' 5""",220,"R","R",77
624428,"Adam Frazier","Kansas City Royals","Second Base","5' 10""",190,"L","R",70
607536,"Kyle Freeland","Colorado Rockies","Pitcher","6' 4""",202,"L","L",76
518692,"Freddie Freeman","Los Angeles Dodgers","First Base","6' 4""",220,"L","R",76
671289,"Tyler Freeman","Cleveland Guardians","Outfielder","5' 11""",200,"R","R",71
686217,"Sal Frelick","Milwaukee Brewers","Outfielder","5' 9""",191,"L","R",69
666818,"Luis Frías","Toronto Blue Jays","Pitcher","6' 3""",245,"R","R",75
608331,"Max Fried","Atlanta Braves","Pitcher","6' 4""",190,"L","L",76
670770,"TJ Friedl","Cincinnati Reds","Outfielder","5' 8""",180,"L","L",68
681807,"David Fry","Cleveland Guardians","Outfielder","6' 1""",215,"R","R",73
608334,"Carson Fulmer","Los Angeles Angels","Pitcher","6' 0""",210,"R","R",72
681892,"Kody Funderburk","Minnesota Twins","Pitcher","6' 4""",230,"L","L",76
683769,"Hunter Gaddis","Cleveland Guardians","Pitcher","6' 6""",260,"R","R",78
606149,"Giovanny Gallegos","St. Louis Cardinals","Pitcher","6' 2""",205,"R","R",74
668678,"Zac Gallen","Arizona Diamondbacks","Pitcher","6' 2""",189,"R","R",74
608336,"Joey Gallo","Washington Nationals","Outfielder","6' 4""",250,"L","R",76
592325,"Ben Gamel","Houston Astros","Outfielder","5' 10""",180,"L","L",70
642520,"Gerson Garabito","Texas Rangers","Pitcher","6' 0""",220,"R","R",72
605244,"Aramis Garcia","Philadelphia Phillies","Catcher","6' 1""",228,"R","R",73
541645,"Avisaíl García","Miami Marlins","Outfielder","6' 4""",250,"R","R",76
665620,"Deivi García","Chicago White Sox","Pitcher","5' 11""",194,"R","R",71
666969,"Adolis García","Texas Rangers","Outfielder","6' 0""",205,"R","R",72
671277,"Luis García Jr.","Washington Nationals","First Base","6' 1""",216,"L","R",73
472610,"Luis García","Boston Red Sox","Pitcher","6' 2""",240,"R","R",74
672580,"Maikel Garcia","Kansas City Royals","Third Base","6' 1""",180,"R","R",73
676395,"Robert Garcia","Washington Nationals","Pitcher","6' 4""",236,"R","L",76
554340,"Yimi García","Seattle Mariners","Pitcher","6' 1""",230,"R","R",73
607237,"Amir Garrett","Los Angeles Angels","Pitcher","6' 5""",239,"R","L",77
666129,"Braxton Garrett","Miami Marlins","Pitcher","6' 2""",202,"R","L",74
656448,"Stone Garrett","Washington Nationals","Outfielder","6' 1""",228,"R","R",73
657585,"Reed Garrett","New York Mets","Pitcher","6' 2""",195,"R","R",74
641598,"Mitch Garver","Seattle Mariners","Catcher","6' 1""",220,"R","R",73
681508,"Mickey Gasper","Boston Red Sox","Designated Hitter","5' 9""",205,"S","R",69
688107,"Robert Gasser","Milwaukee Brewers","Pitcher","6' 0""",197,"L","L",72
592332,"Kevin Gausman","Toronto Blue Jays","Pitcher","6' 2""",205,"L","R",74
680869,"Zack Gelof","Oakland Athletics","Third Base","6' 2""",205,"R","R",74
694355,"Tyler Gentry","Kansas City Royals","Outfield","6' 1""",210,"R","R",73
593334,"Domingo Germán","Pittsburgh Pirates","Pitcher","6' 2""",181,"R","R",74
664139,"Ian Gibaut","Cincinnati Reds","Pitcher","6' 3""",250,"R","R",75
502043,"Kyle Gibson","St. Louis Cardinals","Pitcher","6' 6""",200,"R","R",78
661563,"Luis Gil","New York Yankees","Pitcher","6' 3""",215,"R","R",75
669302,"Logan Gilbert","Seattle Mariners","Pitcher","6' 6""",215,"R","R",78
656457,"Tyler Gilbert","Philadelphia Phillies","Pitcher","6' 3""",225,"L","L",75
656458,"Lucas Gilbreath","Colorado Rockies","Pitcher","6' 1""",185,"L","L",73
670810,"Logan Gillaspie","San Diego Padres","Pitcher","6' 2""",215,"R","R",74
687362,"Connor Gillispie","Cleveland Guardians","Pitcher","5' 11""",185,"R","R",71
665926,"Andrés Giménez","Cleveland Guardians","Shortstop","5' 11""",161,"L","R",71
656464,"Kevin Ginkel","Arizona Diamondbacks","Pitcher","6' 4""",235,"L","R",76
669372,"J.T. Ginn","Oakland Athletics","Pitcher","6' 2""",200,"R","R",74
607192,"Tyler Glasnow","Los Angeles Dodgers","Pitcher","6' 8""",225,"L","R",80
502671,"Paul Goldschmidt","St. Louis Cardinals","First Base","6' 2""",225,"R","R",74
596295,"Austin Gomber","Colorado Rockies","Pitcher","6' 5""",220,"L","L",77
543228,"Yan Gomes","Chicago Cubs","Catcher","6' 2""",212,"R","R",74
672782,"Yoendrys Gómez","New York Yankees","Pitcher","6' 3""",212,"R","R",75
594835,"Marco Gonzales","Pittsburgh Pirates","Pitcher","6' 1""",205,"L","L",73
693304,"Nick Gonzales","Pittsburgh Pirates","Third Base","5' 8""",193,"R","R",68
663853,"Romy Gonzalez","Boston Red Sox","Designated Hitter","6' 0""",215,"R","R",72
624647,"Victor González","New York Yankees","Pitcher","6' 0""",180,"L","L",72
696100,"Hunter Goodman","Colorado Rockies","Catcher","5' 11""",220,"R","R",71
592348,"Niko Goodrum","Los Angeles Angels","First Base","6' 3""",220,"S","R",75
624503,"Nick Gordon","Miami Marlins","Shortstop","6' 0""",160,"L","R",72
685299,"Tanner Gordon","Colorado Rockies","Pitcher","6' 5""",220,"L","R",77
669022,"MacKenzie Gore","Washington Nationals","Pitcher","6' 2""",193,"L","L",74
669357,"Nolan Gorman","St. Louis Cardinals","Third Base","6' 0""",225,"L","R",72
543238,"Anthony Gose","Cleveland Guardians","Pitcher","6' 0""",200,"L","L",72
700669,"Gordon Graceffo","St. Louis Cardinals","Pitcher","6' 4""",220,"R","R",76
518735,"Yasmani Grandal","Pittsburgh Pirates","Catcher","6' 2""",225,"S","R",74
660813,"Brusdar Graterol","Los Angeles Dodgers","Pitcher","6' 1""",265,"R","R",73
592351,"Jon Gray","Texas Rangers","Pitcher","6' 4""",225,"R","R",76
680686,"Josiah Gray","Washington Nationals","Pitcher","6' 1""",209,"R","R",73
543243,"Sonny Gray","St. Louis Cardinals","Pitcher","5' 10""",190,"R","R",70
656484,"Tristan Gray","Oakland Athletics","Shortstop","6' 1""",215,"L","R",73
643338,"Chad Green","Toronto Blue Jays","Pitcher","6' 3""",215,"L","R",75
668881,"Hunter Greene","Cincinnati Reds","Pitcher","6' 5""",242,"R","R",77
682985,"Riley Greene","Detroit Tigers","Outfielder","6' 2""",200,"L","L",74
545341,"Randal Grichuk","Arizona Diamondbacks","Designated Hitter","6' 0""",210,"R","R",72
663757,"Trent Grisham","New York Yankees","Outfielder","5' 10""",221,"L","L",70
687093,"Vaughn Grissom","Boston Red Sox","Second Base","6' 2""",210,"R","R",74
543257,"Robbie Grossman","Kansas City Royals","Outfielder","6' 0""",209,"S","L",72
675627,"Michael Grove","Los Angeles Dodgers","Pitcher","6' 3""",200,"R","R",75
674944,"Sean Guenther","Detroit Tigers","Pitcher","5' 11""",194,"L","L",71
692285,"Luis Guerrero","Boston Red Sox","Pitcher","6' 0""",215,"R","R",72
665489,"Vladimir Guerrero Jr.","Toronto Blue Jays","First Base","6' 0""",245,"R","R",72
641645,"Luis Guillorme","Los Angeles Angels","Third Base","5' 10""",190,"L","R",70
666971,"Lourdes Gurriel Jr.","Arizona Diamondbacks","Outfielder","6' 3""",215,"R","R",75
493329,"Yuli Gurriel","Kansas City Royals","First Base","6' 0""",215,"R","R",72
661269,"Vladimir Gutierrez","Miami Marlins","Pitcher","6' 1""",205,"R","R",73
606992,"Eric Haase","Milwaukee Brewers","Catcher","5' 10""",201,"R","R",70
623352,"Josh Hader","Houston Astros","Pitcher","6' 3""",188,"L","L",75
664059,"Sam Haggerty","Seattle Mariners","Outfielder","5' 11""",175,"S","R",71
669084,"DL Hall","Milwaukee Brewers","Pitcher","6' 1""",209,"L","L",73
678020,"Seth Halvorsen","Colorado Rockies","Pitcher","6' 2""",243,"R","R",74
666152,"David Hamilton","Boston Red Sox","Third Base","5' 10""",192,"L","R",70
641656,"Ian Hamilton","New York Yankees","Pitcher","6' 1""",200,"R","R",73
641658,"Garrett Hampson","Kansas City Royals","Second Base","5' 10""",196,"R","R",70
676106,"Emerson Hancock","Seattle Mariners","Pitcher","6' 4""",213,"R","R",76
669724,"Brenan Hanifee","Detroit Tigers","Pitcher","6' 5""",215,"R","R",77
571745,"Mitch Haniger","Seattle Mariners","Outfielder","6' 1""",214,"R","R",73
664023,"Ian Happ","Chicago Cubs","Outfielder","5' 10""",205,"S","R",70
547180,"Bryce Harper","Philadelphia Phillies","First Base","6' 1""",210,"L","R",73
695391,"Brett Harris","Oakland Athletics","Third Base","6' 2""",208,"R","R",74
687957,"Dustin Harris","Texas Rangers","Outfielder","6' 2""",185,"L","R",74
663687,"Hogan Harris","Oakland Athletics","Pitcher","6' 3""",230,"R","L",75
671739,"Michael Harris II","Atlanta Braves","Outfielder","5' 11""",195,"L","L",71
690986,"Kyle Harrison","San Francisco Giants","Pitcher","6' 2""",216,"R","L",74
664129,"Geoff Hartlieb","Colorado Rockies","Pitcher","6' 5""",240,"R","R",77
701643,"Grant Hartwig","New York Mets","Pitcher","6' 5""",235,"R","R",77
640451,"Hunter Harvey","Kansas City Royals","Pitcher","6' 3""",233,"R","R",75
663647,"Ke'Bryan Hayes","Pittsburgh Pirates","Third Base","5' 11""",215,"R","R",71
669720,"Austin Hays","Philadelphia Phillies","Outfielder","5' 10""",200,"R","R",70
687396,"Brent Headrick","Minnesota Twins","Pitcher","6' 6""",235,"L","L",78
571760,"Andrew Heaney","Texas Rangers","Pitcher","6' 2""",200,"L","L",74
669169,"Jonathan Heasley","Baltimore Orioles","Pitcher","6' 3""",225,"R","R",75
595978,"Austin Hedges","Cleveland Guardians","Catcher","6' 0""",220,"R","R",72
641680,"Jonah Heim","Texas Rangers","Catcher","6' 4""",220,"S","R",76
623168,"Tyler Heineman","Toronto Blue Jays","Catcher","5' 10""",190,"S","R",70
621294,"Ben Heller","Pittsburgh Pirates","Pitcher","6' 3""",210,"R","R",75
680737,"Michael Helman","Minnesota Twins","Outfielder","6' 0""",195,"R","R",72
664854,"Ryan Helsley","St. Louis Cardinals","Pitcher","6' 2""",235,"R","R",74
683002,"Gunnar Henderson","Baltimore Orioles","Shortstop","6' 3""",230,"L","R",75
543294,"Kyle Hendricks","Chicago Cubs","Pitcher","6' 3""",190,"R","R",75
668874,"Blair Henley","Houston Astros","Pitcher","6' 3""",190,"R","R",75
683618,"Edgardo Henriquez","Los Angeles Dodgers","Pitcher","6' 4""",200,"R","R",76
678692,"Ronny Henriquez","Minnesota Twins","Pitcher","5' 10""",155,"R","R",70
674072,"Tommy Henry","Arizona Diamondbacks","Pitcher","6' 3""",205,"L","L",75
682073,"David Hensley","Miami Marlins","Outfield","6' 6""",219,"R","R",78
656529,"Sam Hentges","Cleveland Guardians","Pitcher","6' 8""",255,"L","L",80
623474,"Jimmy Herget","Atlanta Braves","Pitcher","6' 3""",183,"R","R",75
643361,"Kevin Herget","Milwaukee Brewers","Pitcher","5' 10""",185,"L","R",70
687231,"Darell Hernaiz","Oakland Athletics","Shortstop","5' 11""",190,"R","R",71
672578,"Carlos Hernández","Kansas City Royals","Pitcher","6' 4""",255,"R","R",76
678226,"Daysbel Hernández","Atlanta Braves","Pitcher","5' 10""",220,"R","R",70
622694,"Elieser Hernández","Milwaukee Brewers","Pitcher","6' 1""",214,"R","R",73
571771,"Enrique Hernández","Los Angeles Dodgers","Third Base","5' 10""",195,"R","R",70
642546,"Jonathan Hernández","Seattle Mariners","Pitcher","6' 3""",190,"R","R",75
669796,"Jose E. Hernandez","Pittsburgh Pirates","Pitcher","6' 3""",205,"L","L",75
663321,"Nick Hernandez","Houston Astros","Pitcher","6' 1""",212,"R","R",73
606192,"Teoscar Hernández","Los Angeles Dodgers","Outfielder","6' 0""",215,"R","R",72
671056,"Iván Herrera","St. Louis Cardinals","Designated Hitter","5' 11""",220,"R","R",71
645444,"Jose Herrera","Arizona Diamondbacks","Catcher","5' 9""",217,"S","R",69
682120,"Tim Herrin","Cleveland Guardians","Pitcher","6' 6""",230,"L","L",78
687792,"DJ Herz","Washington Nationals","Pitcher","6' 2""",197,"R","L",74
518792,"Jason Heyward","Houston Astros","Outfielder","6' 5""",240,"L","L",77
676551,"Brewer Hicklen","Milwaukee Brewers","Outfielder","6' 2""",215,"R","R",74
543305,"Aaron Hicks","Los Angeles Angels","Outfielder","6' 1""",205,"S","R",73
663855,"Jordan Hicks","San Francisco Giants","Pitcher","6' 2""",217,"R","R",74
543309,"Kyle Higashioka","San Diego Padres","Catcher","6' 1""",202,"R","R",73
656537,"Derek Hill","Miami Marlins","Outfielder","6' 0""",206,"R","R",72
677955,"Jaden Hill","Colorado Rockies","Pitcher","6' 4""",260,"R","R",76
448179,"Rich Hill","Boston Red Sox","Pitcher","6' 5""",220,"L","L",77
657612,"Tim Hill","New York Yankees","Pitcher","6' 4""",210,"R","L",76
656541,"Sam Hilliard","Colorado Rockies","Outfielder","6' 5""",236,"L","L",77
677956,"Rece Hinds","Cincinnati Reds","Outfielder","6' 3""",215,"R","R",75
669374,"Keston Hiura","Los Angeles Angels","First Base","5' 10""",208,"R","R",70
663546,"Sean Hjelle","San Francisco Giants","Pitcher","6' 11""",247,"R","R",83
687863,"Porter Hodge","Chicago Cubs","Pitcher","6' 4""",230,"R","R",76
663773,"Bryan Hoeing","San Diego Padres","Pitcher","6' 6""",210,"R","R",78
663538,"Nico Hoerner","Chicago Cubs","Second Base","5' 11""",200,"R","R",71
656546,"Jeff Hoffman","Philadelphia Phillies","Pitcher","6' 5""",235,"R","R",77
670059,"Colin Holderman","Pittsburgh Pirates","Pitcher","6' 6""",230,"R","R",78
702616,"Jackson Holliday","Baltimore Orioles","Second Base","5' 11""",200,"L","R",71
668970,"Gavin Hollowell","Chicago Cubs","Pitcher","6' 7""",215,"R","R",79
680880,"Grant Holman","Oakland Athletics","Pitcher","6' 6""",250,"R","R",78
605280,"Clay Holmes","New York Yankees","Pitcher","6' 5""",245,"R","R",77
656550,"Grant Holmes","Atlanta Braves","Pitcher","6' 0""",226,"L","R",72
663947,"Tyler Holton","Detroit Tigers","Pitcher","6' 2""",200,"L","L",74
641703,"Brent Honeywell","Los Angeles Dodgers","Pitcher","6' 2""",195,"R","R",74
690544,"Bailey Horn","Boston Red Sox","Pitcher","6' 2""",210,"L","L",74
687462,"Spencer Horwitz","Toronto Blue Jays","First Base","5' 10""",204,"L","R",70
656555,"Rhys Hoskins","Milwaukee Brewers","First Base","6' 3""",241,"R","R",75
656557,"Tanner Houck","Boston Red Sox","Pitcher","6' 5""",226,"R","R",77
605288,"Adrian Houser","New York Mets","Pitcher","6' 4""",227,"R","R",76
675921,"Spencer Howard","Cleveland Guardians","Pitcher","6' 3""",210,"R","R",75
663542,"Bryan Hudson","Milwaukee Brewers","Pitcher","6' 8""",248,"L","L",80
641712,"Dakota Hudson","Colorado Rockies","Pitcher","6' 5""",215,"R","R",77
543339,"Daniel Hudson","Los Angeles Dodgers","Pitcher","6' 3""",215,"R","R",75
621529,"Joe Hudson","New York Mets","Catcher","5' 11""",210,"R","R",71
669087,"Sam Huff","Texas Rangers","Catcher","6' 4""",242,"R","R",76
676714,"Brandon Hughes","Arizona Diamondbacks","Pitcher","6' 2""",215,"S","L",74
669450,"Cooper Hummel","Houston Astros","Outfielder","5' 9""",198,"S","R",69
669165,"Kyle Hurt","Los Angeles Dodgers","Pitcher","6' 3""",240,"R","R",75
676428,"Brant Hurter","Detroit Tigers","Pitcher","6' 6""",250,"L","L",78
674441,"Jacob Hurtubise","Cincinnati Reds","Outfielder","5' 11""",180,"L","R",71
628451,"Andy Ibáñez","Detroit Tigers","Second Base","5' 10""",205,"R","R",70
578428,"Jose Iglesias","New York Mets","Second Base","5' 11""",195,"R","R",71
628452,"Raisel Iglesias","Atlanta Braves","Pitcher","6' 2""",190,"R","R",74
684007,"Shota Imanaga","Chicago Cubs","Pitcher","5' 10""",175,"L","L",70
663697,"Jonathan India","Cincinnati Reds","Second Base","5' 10""",200,"R","R",70
683568,"Jairo Iriarte","Chicago White Sox","Pitcher","6' 4""",240,"R","R",76
608344,"Cole Irvin","Minnesota Twins","Pitcher","6' 4""",225,"L","L",76
663623,"Jake Irvin","Washington Nationals","Pitcher","6' 6""",234,"R","R",78
664728,"Kyle Isbel","Kansas City Royals","Outfielder","5' 10""",190,"L","R",70
656577,"Alex Jackson","Tampa Bay Rays","Catcher","6' 1""",238,"R","R",73
592426,"Luke Jackson","Atlanta Braves","Pitcher","6' 2""",210,"R","R",74
543351,"Jay Jackson","Minnesota Twins","Pitcher","6' 1""",195,"R","R",73
689690,"Alek Jacob","San Diego Padres","Pitcher","6' 3""",190,"L","R",75
682175,"Joe Jacques","Arizona Diamondbacks","Pitcher","6' 4""",210,"L","L",76
608671,"Travis Jankowski","Texas Rangers","Outfielder","6' 3""",195,"L","R",75
643376,"Danny Jansen","Boston Red Sox","Catcher","6' 2""",240,"R","R",74
445276,"Kenley Jansen","Boston Red Sox","Pitcher","6' 5""",265,"S","R",77
686826,"Bryce Jarvis","Arizona Diamondbacks","Pitcher","6' 2""",195,"L","R",74
664299,"Cristian Javier","Houston Astros","Pitcher","6' 1""",210,"R","R",73
643377,"Griffin Jax","Minnesota Twins","Pitcher","6' 2""",195,"R","R",74
664079,"Tyler Jay","Milwaukee Brewers","Pitcher","6' 0""",191,"L","L",72
641726,"Daulton Jefferies","Pittsburgh Pirates","Pitcher","6' 0""",182,"L","R",72
680777,"Ryan Jeffers","Minnesota Twins","Catcher","6' 2""",235,"R","R",74
666204,"Dany Jiménez","Oakland Athletics","Pitcher","6' 1""",182,"R","R",73
650391,"Eloy Jiménez","Baltimore Orioles","Designated Hitter","6' 4""",250,"R","R",76
641729,"Joe Jiménez","Atlanta Braves","Pitcher","6' 3""",277,"R","R",75
677870,"Leo Jiménez","Toronto Blue Jays","Third Base","5' 10""",215,"R","R",70
695549,"Jackson Jobe","Detroit Tigers","Pitcher","6' 2""",190,"R","R",74
656582,"Connor Joe","Pittsburgh Pirates","Outfielder","5' 11""",205,"R","R",71
669369,"Bryce Johnson","San Diego Padres","Outfielder","5' 11""",190,"S","R",71
669288,"Daniel Johnson","Baltimore Orioles","Outfielder","5' 10""",200,"L","L",70
572955,"Pierce Johnson","Atlanta Braves","Pitcher","6' 2""",202,"R","R",74
686751,"Seth Johnson","Philadelphia Phillies","Pitcher","6' 1""",205,"R","R",73
675659,"Greg Jones","Colorado Rockies","Outfielder","6' 0""",189,"S","R",72
663330,"Jahmai Jones","New York Yankees","Designated Hitter","5' 10""",210,"R","R",70
683003,"Jared Jones","Pittsburgh Pirates","Pitcher","6' 0""",211,"L","R",72
666134,"Nolan Jones","Colorado Rockies","Outfielder","6' 4""",195,"L","R",76
682119,"Levi Jordan","Cincinnati Reds","Outfielder","5' 8""",170,"R","R",68
690829,"Ben Joyce","Los Angeles Angels","Pitcher","6' 5""",225,"R","R",77
592450,"Aaron Judge","New York Yankees","Outfielder","6' 7""",282,"R","R",79
666397,"Edouard Julien","Minnesota Twins","Second Base","6' 1""",195,"L","R",73
667452,"Corey Julks","Chicago White Sox","Outfielder","5' 11""",220,"R","R",71
690291,"Jace Jung","Detroit Tigers","Third Base","5' 11""",205,"L","R",71
673962,"Josh Jung","Texas Rangers","Third Base","6' 1""",214,"R","R",73
596001,"Jakob Junis","Cincinnati Reds","Pitcher","6' 3""",238,"R","R",75
676083,"Janson Junk","Oakland Athletics","Pitcher","6' 2""",197,"R","R",74
687145,"Evan Justice","Colorado Rockies","Pitcher","6' 4""",205,"L","L",76
592454,"Tommy Kahnle","New York Yankees","Pitcher","6' 1""",230,"R","R",73
694359,"Niko Kavadas","Los Angeles Angels","First Base","5' 11""",235,"L","R",71
680577,"DaShawn Keirsey Jr.","Minnesota Twins","Outfielder","6' 0""",195,"L","L",72
690993,"Colt Keith","Detroit Tigers","Third Base","6' 2""",211,"L","R",74
672284,"Jarred Kelenic","Atlanta Braves","Outfielder","5' 11""",206,"L","L",71
641745,"Brad Keller","Boston Red Sox","Pitcher","6' 5""",255,"R","R",77
656605,"Mitch Keller","Pittsburgh Pirates","Pitcher","6' 3""",213,"R","R",75
608348,"Carson Kelly","Texas Rangers","Catcher","6' 1""",212,"R","R",73
543391,"Casey Kelly","Cincinnati Reds","Pitcher","6' 3""",215,"R","R",75
523260,"Joe Kelly","Los Angeles Dodgers","Pitcher","6' 1""",174,"R","R",73
518876,"Merrill Kelly","Arizona Diamondbacks","Pitcher","6' 2""",210,"R","R",74
687330,"Kevin Kelly","Tampa Bay Rays","Pitcher","6' 2""",195,"R","R",74
547184,"Michael Kelly","Oakland Athletics","Pitcher","6' 4""",185,"R","R",76
677161,"Zack Kelly","Boston Red Sox","Pitcher","6' 3""",231,"R","R",75
643393,"Tony Kemp","Baltimore Orioles","Outfielder","5' 6""",160,"L","R",66
671083,"Buddy Kennedy","Philadelphia Phillies","Third Base","5' 10""",213,"R","R",70
596146,"Max Kepler","Minnesota Twins","Outfielder","6' 4""",225,"L","L",76
689147,"Orion Kerkering","Philadelphia Phillies","Pitcher","6' 2""",204,"R","R",74
678061,"Ray Kerr","Atlanta Braves","Pitcher","6' 3""",185,"L","L",75
477132,"Clayton Kershaw","Los Angeles Dodgers","Pitcher","6' 4""",225,"L","L",76
666197,"Grae Kessinger","Houston Astros","Third Base","6' 1""",204,"R","R",73
572971,"Dallas Keuchel","Milwaukee Brewers","Pitcher","6' 2""",205,"L","L",74
595281,"Kevin Kiermaier","Los Angeles Dodgers","Outfielder","6' 1""",210,"L","R",73
579328,"Yusei Kikuchi","Houston Astros","Pitcher","6' 0""",210,"L","L",72
668873,"Caleb Kilian","Chicago Cubs","Pitcher","6' 4""",206,"R","R",76
673490,"Ha-Seong Kim","San Diego Padres","Shortstop","5' 10""",200,"R","R",70
518886,"Craig Kimbrel","Baltimore Orioles","Pitcher","6' 0""",215,"R","R",72
643396,"Isiah Kiner-Falefa","Toronto Blue Jays","Second Base","5' 10""",195,"R","R",70
687911,"Bryan King","Houston Astros","Pitcher","6' 1""",205,"R","L",73
667463,"John King","St. Louis Cardinals","Pitcher","6' 2""",215,"L","L",74
650633,"Michael King","San Diego Padres","Pitcher","6' 3""",210,"R","R",75
641755,"Tyler Kinley","Colorado Rockies","Pitcher","6' 4""",220,"R","R",76
669923,"George Kirby","Seattle Mariners","Pitcher","6' 4""",215,"R","R",76
666135,"Alex Kirilloff","Minnesota Twins","Outfielder","6' 2""",195,"L","L",74
672386,"Alejandro Kirk","Toronto Blue Jays","Catcher","5' 8""",245,"R","R",68
685116,"Austin Kitchen","Miami Marlins","Pitcher","6' 0""",200,"L","L",72
552640,"Andrew Kittredge","St. Louis Cardinals","Pitcher","6' 1""",235,"R","R",73
677008,"Heston Kjerstad","Baltimore Orioles","Outfielder","6' 2""",215,"L","R",74
694361,"Will Klein","Oakland Athletics","Pitcher","6' 5""",230,"R","R",77
680572,"Adam Kloffenstein","St. Louis Cardinals","Pitcher","6' 5""",245,"R","R",77
689017,"Landon Knack","Los Angeles Dodgers","Pitcher","6' 2""",220,"L","R",74
595284,"Andrew Knapp","San Francisco Giants","Catcher","6' 0""",189,"S","R",72
668800,"Andrew Knizner","Texas Rangers","Catcher","6' 0""",225,"R","R",72
667428,"Grant Koch","Pittsburgh Pirates","Catcher","5' 10""",195,"R","R",70
571863,"Matt Koch","Colorado Rockies","Pitcher","6' 3""",215,"L","R",75
686799,"Jack Kochanowicz","Los Angeles Angels","Pitcher","6' 7""",228,"L","R",79
657649,"Jared Koenig","Milwaukee Brewers","Pitcher","6' 5""",244,"R","L",77
663568,"Stephen Kolek","San Diego Padres","Pitcher","6' 3""",210,"R","R",75
656629,"Michael Kopech","Los Angeles Dodgers","Pitcher","6' 3""",220,"R","R",75
667478,"Evan Kravetz","Cincinnati Reds","Pitcher","6' 8""",240,"L","L",80
668952,"Ryan Kreidler","Detroit Tigers","Shortstop","6' 3""",208,"R","R",75
665152,"Dean Kremer","Baltimore Orioles","Pitcher","6' 2""",210,"R","R",74
670219,"Zac Kristofak","Los Angeles Angels","Pitcher","5' 9""",189,"R","R",69
640454,"Matt Krook","Baltimore Orioles","Pitcher","6' 4""",225,"L","L",76
641771,"Chad Kuhl","Chicago White Sox","Pitcher","6' 3""",200,"R","R",75
669270,"Joel Kuhnel","Tampa Bay Rays","Pitcher","6' 5""",290,"R","R",77
680757,"Steven Kwan","Cleveland Guardians","Outfielder","5' 8""",170,"L","L",68
663567,"Peter Lambert","Colorado Rockies","Pitcher","6' 2""",208,"R","R",74
659275,"Dinelson Lamet","Los Angeles Dodgers","Pitcher","6' 3""",228,"R","R",75
656638,"Alex Lange","Detroit Tigers","Pitcher","6' 3""",202,"R","R",75
669127,"Shea Langeliers","Oakland Athletics","Catcher","5' 11""",205,"R","R",71
694671,"Wyatt Langford","Texas Rangers","Outfielder","6' 0""",225,"R","R",72
663616,"Trevor Larnach","Minnesota Twins","Outfielder","6' 3""",223,"L","R",75
686747,"Joe La Sorsa","Washington Nationals","Pitcher","6' 5""",224,"L","L",77
656641,"Jacob Latz","Texas Rangers","Pitcher","6' 2""",185,"R","L",74
657656,"Ramón Laureano","Atlanta Braves","Outfielder","5' 9""",203,"R","R",69
571882,"Derek Law","Washington Nationals","Pitcher","6' 3""",225,"R","R",75
664875,"Justin Lawrence","Colorado Rockies","Pitcher","6' 3""",211,"R","R",75
676661,"Max Lazar","Philadelphia Phillies","Pitcher","6' 1""",200,"R","R",73
681517,"Kyle Leahy","St. Louis Cardinals","Pitcher","6' 5""",225,"S","R",77
673929,"Jordan Leasure","Chicago White Sox","Pitcher","6' 3""",220,"R","R",75
641779,"Charles Leblanc","Los Angeles Angels","Shortstop","6' 3""",195,"R","R",75
600917,"José Leclerc","Texas Rangers","Pitcher","6' 0""",195,"R","R",72
686797,"Brooks Lee","Minnesota Twins","Third Base","6' 0""",205,"S","R",72
669276,"Dylan Lee","Atlanta Braves","Pitcher","6' 3""",214,"L","L",75
808982,"Jung Hoo Lee","San Francisco Giants","Outfielder","6' 0""",196,"L","R",72
686676,"Korey Lee","Chicago White Sox","Catcher","6' 0""",225,"R","R",72
668984,"Casey Legumina","Cincinnati Reds","Pitcher","6' 2""",195,"R","R",74
605335,"Brandon Leibrandt","Cincinnati Reds","Pitcher","6' 4""",190,"L","L",76
683004,"Jack Leiter","Texas Rangers","Pitcher","6' 1""",205,"R","R",73
643410,"Mark Leiter Jr.","New York Yankees","Pitcher","6' 0""",210,"R","R",72
518934,"DJ LeMahieu","New York Yankees","Second Base","6' 3""",220,"R","R",75
694175,"Pedro León","Houston Astros","Outfielder","5' 8""",170,"R","R",68
608678,"Dominic Leone","Chicago White Sox","Pitcher","5' 10""",215,"R","R",70
668904,"Royce Lewis","Minnesota Twins","First Base","6' 0""",200,"R","R",72
669461,"Matthew Liberatore","St. Louis Cardinals","Pitcher","6' 4""",215,"L","L",76
596019,"Francisco Lindor","New York Mets","Shortstop","5' 10""",190,"S","R",70
702358,"Trey Lipscomb","Washington Nationals","Third Base","6' 2""",202,"R","R",74
641793,"Zack Littell","Tampa Bay Rays","Pitcher","6' 4""",250,"R","R",76
663893,"Brendon Little","Toronto Blue Jays","Pitcher","6' 2""",195,"L","L",74
681432,"Luke Little","Chicago Cubs","Pitcher","6' 8""",220,"L","L",80
594902,"Ben Lively","Cleveland Guardians","Pitcher","6' 4""",235,"R","R",76
642528,"Jonathan Loáisiga","New York Yankees","Pitcher","5' 11""",195,"R","R",71
682988,"Tyler Locklear","Seattle Mariners","First Base","6' 2""",235,"R","R",74
663604,"Brandon Lockridge","San Diego Padres","Outfielder","6' 0""",197,"R","R",72
666157,"Nick Lodolo","Cincinnati Reds","Pitcher","6' 6""",216,"L","L",78
679845,"Nick Loftin","Kansas City Royals","Third Base","5' 11""",180,"R","R",71
656657,"Zach Logue","Los Angeles Dodgers","Pitcher","6' 0""",165,"L","L",72
669674,"Sam Long","Kansas City Royals","Pitcher","6' 1""",185,"L","L",73
694388,"Joey Loperfido","Toronto Blue Jays","Outfielder","6' 3""",220,"L","R",75
605346,"Jack López","Los Angeles Angels","Second Base","5' 9""",160,"R","R",69
682052,"Jacob Lopez","Tampa Bay Rays","Pitcher","6' 4""",220,"L","L",76
605347,"Jorge López","Chicago Cubs","Pitcher","6' 3""",200,"R","R",75
670032,"Nicky Lopez","Chicago White Sox","Second Base","5' 10""",186,"L","R",70
672640,"Otto Lopez","Miami Marlins","Shortstop","5' 10""",185,"R","R",70
641154,"Pablo López","Minnesota Twins","Pitcher","6' 4""",225,"L","R",76
625643,"Reynaldo López","Atlanta Braves","Pitcher","6' 1""",225,"R","R",73
547179,"Michael Lorenzen","Kansas City Royals","Pitcher","6' 1""",210,"R","R",73
702795,"Ryan Loutos","St. Louis Cardinals","Pitcher","6' 5""",240,"R","R",77
663992,"Richard Lovelady","Tampa Bay Rays","Pitcher","6' 0""",185,"L","L",72
695076,"Rhett Lowder","Cincinnati Reds","Pitcher","6' 1""",200,"R","R",73
664040,"Brandon Lowe","Tampa Bay Rays","Second Base","5' 9""",181,"L","R",69
663993,"Nathaniel Lowe","Texas Rangers","First Base","6' 4""",220,"L","R",76
666139,"Josh Lowe","Tampa Bay Rays","Outfielder","6' 3""",220,"L","R",75
687922,"Easton Lucas","Toronto Blue Jays","Pitcher","6' 4""",180,"L","L",76
664192,"Joey Lucchesi","New York Mets","Pitcher","6' 5""",228,"L","L",77
682617,"Marco Luciano","San Francisco Giants","Shortstop","6' 1""",215,"R","R",73
607625,"Seth Lugo","Kansas City Royals","Pitcher","6' 4""",225,"R","R",76
664770,"Nathan Lukes","Toronto Blue Jays","Outfielder","5' 11""",180,"L","R",71
666158,"Gavin Lux","Los Angeles Dodgers","Outfielder","5' 11""",190,"L","R",71
666200,"Jesús Luzardo","Miami Marlins","Pitcher","6' 0""",218,"L","L",72
543475,"Jordan Lyles","Kansas City Royals","Pitcher","6' 5""",230,"R","R",77
663738,"Daniel Lynch IV","Kansas City Royals","Pitcher","6' 6""",200,"L","L",78
458681,"Lance Lynn","St. Louis Cardinals","Pitcher","6' 5""",280,"S","R",77
592518,"Manny Machado","San Diego Padres","Third Base","6' 2""",218,"R","R",74
656671,"Josh Maciejewski","New York Yankees","Pitcher","6' 3""",210,"R","L",75
680744,"Ty Madden","Detroit Tigers","Pitcher","6' 3""",215,"R","R",75
663611,"Nick Madrigal","Chicago Cubs","Third Base","5' 7""",175,"R","R",67
676632,"Bligh Madris","Detroit Tigers","Outfield","6' 1""",208,"L","R",73
628317,"Kenta Maeda","Detroit Tigers","Pitcher","6' 1""",185,"R","R",73
641816,"Tyler Mahle","Texas Rangers","Pitcher","6' 3""",212,"R","R",75
571912,"Luke Maile","Cincinnati Reds","Catcher","6' 3""",225,"R","R",75
687424,"Anthony Maldonado","Miami Marlins","Pitcher","6' 4""",220,"R","R",76
455117,"Martín Maldonado","Chicago White Sox","Catcher","6' 0""",230,"R","R",72
669234,"Justyn-Henry Malloy","Detroit Tigers","Outfielder","6' 0""",212,"R","R",72
640455,"Sean Manaea","New York Mets","Pitcher","6' 5""",245,"R","L",77
666159,"Matt Manning","Detroit Tigers","Pitcher","6' 6""",195,"R","R",78
666201,"Alek Manoah","Toronto Blue Jays","Pitcher","6' 6""",285,"R","R",78
573009,"Joe Mantiply","Arizona Diamondbacks","Pitcher","6' 4""",219,"R","L",76
700932,"Kyle Manzardo","Cleveland Guardians","First Base","5' 11""",205,"L","R",71
665561,"Rafael Marchán","Philadelphia Phillies","Catcher","5' 9""",170,"S","R",69
622534,"Manuel Margot","Minnesota Twins","Outfielder","5' 10""",229,"R","R",70
676760,"Ron Marinaccio","New York Yankees","Pitcher","6' 2""",205,"R","R",74
687799,"Cade Marlowe","Seattle Mariners","Outfield","5' 11""",210,"L","R",71
608566,"Germán Márquez","Colorado Rockies","Pitcher","6' 1""",230,"R","R",73
679525,"Alec Marsh","Kansas City Royals","Pitcher","6' 2""",220,"R","R",74
669016,"Brandon Marsh","Philadelphia Phillies","Outfielder","6' 2""",215,"L","R",74
665896,"José Marte","Los Angeles Angels","Pitcher","6' 3""",180,"R","R",75
606466,"Ketel Marte","Arizona Diamondbacks","Second Base","6' 0""",210,"S","R",72
682622,"Noelvi Marte","Cincinnati Reds","Outfielder","6' 2""",216,"R","R",74
516782,"Starling Marte","New York Mets","Outfielder","6' 0""",195,"R","R",72
628708,"Yunior Marte","Philadelphia Phillies","Pitcher","6' 2""",180,"R","R",74
668885,"Austin Martin","Minnesota Twins","Outfielder","5' 10""",185,"R","R",70
455119,"Chris Martin","Boston Red Sox","Pitcher","6' 8""",224,"R","R",80
663436,"Davis Martin","Chicago White Sox","Pitcher","6' 2""",215,"L","R",74
682657,"Angel Martínez","Cleveland Guardians","Outfielder","5' 11""",200,"S","R",71
502110,"J.D. Martinez","New York Mets","Designated Hitter","6' 3""",230,"R","R",75
679881,"J.P. Martínez","Atlanta Braves","Outfielder","5' 8""",174,"L","L",68
679885,"Justin Martinez","Arizona Diamondbacks","Pitcher","6' 3""",225,"R","R",75
607259,"Nick Martinez","Cincinnati Reds","Pitcher","6' 1""",200,"L","R",73
682619,"Orelvis Martinez","Toronto Blue Jays","Second Base","5' 11""",200,"R","R",71
661527,"Seth Martinez","Houston Astros","Pitcher","6' 2""",193,"R","R",74
605361,"Nick Martini","Cincinnati Reds","Outfielder","5' 11""",205,"L","L",71
686681,"Michael Massey","Kansas City Royals","Second Base","6' 0""",195,"L","R",72
670156,"Miles Mastrobuoni","Chicago Cubs","Third Base","5' 9""",185,"L","R",69
622761,"Jorge Mateo","Baltimore Orioles","Shortstop","6' 0""",200,"R","R",72
665155,"Nick Maton","Baltimore Orioles","Shortstop","6' 1""",190,"L","R",73
664208,"Phil Maton","New York Mets","Pitcher","6' 2""",206,"R","R",74
682641,"Luis Matos","San Francisco Giants","Outfielder","5' 11""",205,"R","R",71
673513,"Yuki Matsui","San Diego Padres","Pitcher","5' 8""",165,"L","L",68
805673,"Zebby Matthews","Minnesota Twins","Pitcher","6' 5""",225,"R","R",77
676755,"Isaac Mattson","Pittsburgh Pirates","Pitcher","6' 2""",214,"R","R",74
571927,"Steven Matz","St. Louis Cardinals","Pitcher","6' 2""",205,"R","L",74
554431,"Tyler Matzek","Atlanta Braves","Pitcher","6' 3""",250,"L","L",75
691723,"Coby Mayo","Baltimore Orioles","Third Base","6' 5""",225,"R","R",77
641835,"Tim Mayza","New York Yankees","Pitcher","6' 3""",215,"L","L",75
800049,"Adam Mazur","San Diego Padres","Pitcher","6' 2""",180,"R","R",74
663704,"James McArthur","Kansas City Royals","Pitcher","6' 7""",230,"R","R",79
543510,"James McCann","Baltimore Orioles","Catcher","6' 2""",235,"R","R",74
668832,"Kyle McCann","Oakland Athletics","Catcher","6' 2""",243,"L","R",74
664983,"Jake McCarthy","Arizona Diamondbacks","Outfielder","6' 0""",213,"L","L",72
670766,"Darren McCaughan","Miami Marlins","Pitcher","6' 1""",200,"R","R",73
676801,"Chas McCormick","Houston Astros","Outfielder","5' 11""",208,"R","L",71
669200,"Mason McCoy","San Diego Padres","Second Base","5' 11""",185,"R","R",71
687529,"Grant McCray","San Francisco Giants","Outfielder","6' 1""",195,"L","R",73
457705,"Andrew McCutchen","Pittsburgh Pirates","Designated Hitter","5' 10""",190,"R","R",70
694646,"Chayce McDermott","Baltimore Orioles","Pitcher","6' 3""",190,"L","R",75
686790,"Trevor McDonald","San Francisco Giants","Pitcher","6' 0""",205,"R","R",72
519008,"T.J. McFarland","Oakland Athletics","Pitcher","6' 3""",200,"L","L",75
543518,"Scott McGough","Arizona Diamondbacks","Pitcher","5' 11""",190,"R","R",71
700241,"Michael McGreevy","St. Louis Cardinals","Pitcher","6' 4""",220,"L","R",76
624512,"Reese McGuire","Boston Red Sox","Catcher","6' 0""",230,"L","R",72
663630,"Ryan McKenna","San Francisco Giants","Outfielder","5' 10""",195,"R","R",70
663474,"Triston McKenzie","Cleveland Guardians","Pitcher","6' 5""",165,"R","R",77
641856,"Billy McKinney","Pittsburgh Pirates","Outfielder","6' 0""",205,"L","L",72
656716,"Zach McKinstry","Detroit Tigers","Outfielder","5' 11""",180,"L","R",71
641857,"Ryan McMahon","Colorado Rockies","Third Base","6' 2""",211,"L","R",74
669111,"John McMillon","Miami Marlins","Pitcher","6' 3""",230,"L","R",75
643446,"Jeff McNeil","New York Mets","Second Base","6' 0""",195,"L","R",72
678554,"Curtis Mead","Tampa Bay Rays","Third Base","6' 1""",225,"R","R",73
678009,"Parker Meadows","Detroit Tigers","Outfielder","6' 5""",205,"L","R",77
607644,"John Means","Baltimore Orioles","Pitcher","6' 4""",230,"L","L",76
683232,"Nick Mears","Milwaukee Brewers","Pitcher","6' 3""",217,"R","R",75
682989,"Victor Mederos","Los Angeles Angels","Pitcher","6' 2""",222,"R","R",74
665622,"Luis Medina","Oakland Athletics","Pitcher","6' 1""",175,"R","R",73
703231,"James Meeker","Milwaukee Brewers","Pitcher","6' 4""",222,"R","R",76
656730,"Trevor Megill","Milwaukee Brewers","Pitcher","6' 8""",253,"L","R",80
656731,"Tylor Megill","New York Mets","Pitcher","6' 7""",230,"R","R",79
669004,"MJ Melendez","Kansas City Royals","Designated Hitter","6' 0""",190,"L","R",72
691441,"Cristian Mena","Arizona Diamondbacks","Pitcher","6' 2""",215,"R","R",74
664901,"Danny Mendick","Chicago White Sox","Shortstop","5' 10""",195,"R","R",70
608841,"Joey Meneses","Washington Nationals","First Base","6' 4""",235,"R","R",76
675650,"Michael Mercado","Philadelphia Phillies","Pitcher","6' 4""",205,"R","R",76
593160,"Whit Merrifield","Atlanta Braves","Second Base","6' 1""",195,"R","R",73
701538,"Jackson Merrill","San Diego Padres","Outfielder","6' 2""",195,"L","R",74
657240,"Julian Merryweather","Chicago Cubs","Pitcher","6' 4""",215,"R","R",76
670223,"Matt Mervis","Chicago Cubs","First Base","6' 2""",225,"L","R",74
676974,"Max Meyer","Miami Marlins","Pitcher","6' 0""",196,"L","R",72
676694,"Jake Meyers","Houston Astros","Outfielder","6' 0""",200,"R","L",72
571945,"Miles Mikolas","St. Louis Cardinals","Pitcher","6' 4""",230,"R","R",76
489119,"Wade Miley","Milwaukee Brewers","Pitcher","6' 1""",220,"L","L",73
686452,"Drew Millas","Washington Nationals","Catcher","6' 0""",204,"S","R",72
682243,"Bryce Miller","Seattle Mariners","Pitcher","6' 2""",200,"R","R",74
669062,"Erik Miller","San Francisco Giants","Pitcher","6' 5""",269,"L","L",77
695243,"Mason Miller","Oakland Athletics","Pitcher","6' 5""",200,"R","R",77
680911,"Owen Miller","Milwaukee Brewers","Second Base","5' 11""",197,"R","R",71
676272,"Bobby Miller","Los Angeles Dodgers","Pitcher","6' 5""",220,"L","R",77
668943,"Ryan Miller","Los Angeles Angels","Pitcher","6' 0""",180,"R","R",72
571946,"Shelby Miller","Detroit Tigers","Pitcher","6' 3""",225,"R","R",75
668338,"Tyson Miller","Chicago Cubs","Pitcher","6' 5""",220,"R","R",77
571948,"Hoby Milner","Milwaukee Brewers","Pitcher","6' 3""",187,"L","L",75
621345,"A.J. Minter","Atlanta Braves","Pitcher","6' 0""",215,"L","L",72
669304,"Jose F Miranda","Minnesota Twins","Third Base","6' 1""",210,"R","R",73
664948,"Anthony Misiewicz","New York Yankees","Pitcher","6' 1""",196,"R","L",73
670224,"Kameron Misner","Tampa Bay Rays","Outfielder","6' 3""",220,"L","L",75
669003,"Garrett Mitchell","Milwaukee Brewers","Outfielder","6' 2""",229,"L","R",74
663554,"Casey Mize","Detroit Tigers","Pitcher","6' 3""",212,"R","R",75
669387,"Carmen Mlodzinski","Pittsburgh Pirates","Pitcher","6' 2""",210,"R","R",74
683627,"Anthony Molina","Colorado Rockies","Pitcher","6' 1""",170,"R","R",73
594580,"Sam Moll","Cincinnati Reds","Pitcher","5' 9""",190,"L","L",69
655316,"Andruw Monasterio","Milwaukee Brewers","Shortstop","5' 11""",195,"R","R",71
660162,"Yoán Moncada","Chicago White Sox","Third Base","6' 0""",220,"S","R",72
666160,"Mickey Moniak","Los Angeles Angels","Outfielder","6' 1""",209,"L","R",73
593423,"Frankie Montas","Milwaukee Brewers","Pitcher","6' 2""",255,"R","R",74
660707,"Elehuris Montero","Colorado Rockies","First Base","6' 3""",235,"R","R",75
672456,"Keider Montero","Detroit Tigers","Pitcher","6' 1""",145,"R","R",73
606160,"Rafael Montero","Houston Astros","Pitcher","6' 0""",193,"R","R",72
656756,"Jordan Montgomery","Arizona Diamondbacks","Pitcher","6' 6""",228,"L","L",78
682254,"Mason Montgomery","Tampa Bay Rays","Pitcher","6' 2""",205,"L","L",74
664238,"Dylan Moore","Seattle Mariners","Outfielder","6' 1""",205,"R","R",73
519043,"Matt Moore","Los Angeles Angels","Pitcher","6' 3""",210,"L","L",75
670970,"Adrian Morejon","San Diego Padres","Pitcher","5' 11""",224,"L","L",71
666624,"Christopher Morel","Tampa Bay Rays","First Base","6' 0""",200,"R","R",72
672515,"Gabriel Moreno","Arizona Diamondbacks","Catcher","5' 9""",200,"R","R",69
669212,"Eli Morgan","Cleveland Guardians","Pitcher","5' 10""",190,"R","R",70
450203,"Charlie Morton","Atlanta Braves","Pitcher","6' 5""",215,"R","R",77
663624,"Ryan Mountcastle","Baltimore Orioles","First Base","6' 3""",230,"R","R",75
666205,"Kyle Muller","Oakland Athletics","Pitcher","6' 7""",250,"R","L",79
656775,"Cedric Mullins","Baltimore Orioles","Outfielder","5' 7""",175,"L","L",67
571970,"Max Muncy","Los Angeles Dodgers","Third Base","5' 10""",215,"L","R",70
662253,"Andrés Muñoz","Seattle Mariners","Pitcher","6' 2""",222,"R","R",74
682610,"Roddery Muñoz","Miami Marlins","Pitcher","6' 2""",210,"R","R",74
669221,"Sean Murphy","Atlanta Braves","Catcher","6' 3""",228,"R","R",75
608596,"Tom Murphy","San Francisco Giants","Catcher","6' 0""",218,"R","R",72
605397,"Joe Musgrove","San Diego Padres","Pitcher","6' 5""",230,"R","R",77
656786,"Parker Mushinski","Houston Astros","Pitcher","6' 0""",220,"L","L",72
667472,"Dane Myers","Miami Marlins","Outfielder","6' 0""",205,"R","R",72
668964,"Tobias Myers","Milwaukee Brewers","Pitcher","6' 1""",223,"R","R",73
667297,"Tommy Nance","Toronto Blue Jays","Pitcher","6' 6""",235,"R","R",78
677053,"Andrew Nardi","Miami Marlins","Pitcher","6' 3""",215,"L","L",75
665966,"Carlos Narváez","New York Yankees","Catcher","5' 11""",190,"R","R",71
553882,"Omar Narváez","New York Mets","Catcher","5' 11""",240,"L","R",71
680897,"Nick Nastrini","Chicago White Sox","Pitcher","6' 3""",220,"R","R",75
647304,"Josh Naylor","Cleveland Guardians","First Base","5' 10""",235,"L","L",70
666310,"Bo Naylor","Cleveland Guardians","Catcher","5' 9""",205,"L","R",69
680891,"Jack Neely","Chicago Cubs","Pitcher","6' 8""",245,"R","R",80
669459,"Kyle Nelson","Arizona Diamondbacks","Pitcher","6' 1""",175,"L","L",73
656793,"Nick Nelson","Philadelphia Phillies","Pitcher","6' 1""",205,"R","R",73
669194,"Ryne Nelson","Arizona Diamondbacks","Pitcher","6' 3""",210,"R","R",75
593576,"Héctor Neris","Houston Astros","Pitcher","6' 2""",227,"R","R",74
687263,"Zach Neto","Los Angeles Angels","Shortstop","5' 11""",185,"R","R",71
663527,"Tyler Nevin","Oakland Athletics","Third Base","6' 4""",225,"R","R",76
656794,"Sean Newcomb","Oakland Athletics","Pitcher","6' 5""",255,"L","L",77
621028,"Kevin Newman","Arizona Diamondbacks","Third Base","6' 0""",195,"R","R",72
693312,"Kyle Nicolas","Pittsburgh Pirates","Pitcher","6' 3""",216,"R","R",75
621512,"Tomás Nido","Chicago Cubs","Catcher","6' 0""",211,"R","R",72
607043,"Brandon Nimmo","New York Mets","Outfielder","6' 1""",206,"L","R",73
657697,"Vinny Nittoli","Baltimore Orioles","Pitcher","6' 0""",204,"R","R",72
676116,"Ryan Noda","Oakland Athletics","First Base","6' 1""",217,"L","L",73
678877,"Jhonkensy Noel","Cleveland Guardians","Outfielder","6' 4""",250,"R","R",76
605400,"Aaron Nola","Philadelphia Phillies","Pitcher","6' 2""",200,"R","R",74
663457,"Lars Nootbaar","St. Louis Cardinals","Designated Hitter","6' 1""",205,"L","R",73
681393,"Connor Norby","Miami Marlins","Second Base","5' 10""",180,"R","R",70
673380,"Dedniel Núñez","New York Mets","Pitcher","6' 2""",180,"R","R",74
683083,"Nasim Nuñez","Washington Nationals","Second Base","5' 8""",165,"S","R",68
676617,"Riley O'Brien","St. Louis Cardinals","Pitcher","6' 4""",180,"R","R",76
656811,"Ryan O'Hearn","Baltimore Orioles","Outfielder","6' 2""",220,"L","L",74
681351,"Logan O'Hoppe","Los Angeles Angels","Designated Hitter","6' 2""",225,"R","R",74
672552,"Jack O'Loughlin","Oakland Athletics","Pitcher","6' 5""",223,"L","L",77
641933,"Tyler O'Neill","Boston Red Sox","Outfielder","5' 9""",200,"R","R",69
641927,"Bailey Ober","Minnesota Twins","Pitcher","6' 9""",260,"R","R",81
660271,"Shohei Ohtani","Los Angeles Dodgers","Two-Way Player","6' 4""",210,"L","R",76
595345,"Steven Okert","Minnesota Twins","Pitcher","6' 2""",202,"L","L",74
658668,"Edward Olivares","Pittsburgh Pirates","Outfielder","6' 1""",190,"R","R",73
670124,"Adam Oller","Miami Marlins","Pitcher","6' 4""",225,"R","R",76
621566,"Matt Olson","Atlanta Braves","First Base","6' 4""",225,"L","R",76
681857,"Reese Olson","Detroit Tigers","Pitcher","6' 1""",160,"R","R",73
680716,"Jonathan Ornelas","Texas Rangers","Shortstop","6' 1""",196,"R","R",73
672391,"Kaleb Ort","Houston Astros","Pitcher","6' 4""",248,"R","R",76
542364,"Rafael Ortega","Chicago White Sox","Outfielder","6' 0""",200,"L","R",72
687401,"Joey Ortiz","Milwaukee Brewers","Shortstop","5' 10""",192,"R","R",70
682847,"Luis Ortiz","Pittsburgh Pirates","Pitcher","6' 2""",235,"R","R",74
656814,"Luis Ortiz","Philadelphia Phillies","Pitcher","6' 3""",230,"R","R",75
679358,"Eric Orze","New York Mets","Pitcher","6' 4""",205,"R","R",76
671305,"Michel Otañez","Oakland Athletics","Pitcher","6' 4""",218,"R","R",76
493603,"Adam Ottavino","New York Mets","Pitcher","6' 5""",246,"S","R",77
681546,"James Outman","Los Angeles Dodgers","Outfielder","6' 2""",215,"L","R",74
542303,"Marcell Ozuna","Atlanta Braves","Designated Hitter","6' 1""",251,"R","R",73
665506,"Cristian Pache","Miami Marlins","Outfield","6' 2""",215,"R","R",74
663978,"Chris Paddack","Minnesota Twins","Pitcher","6' 5""",217,"R","R",77
641941,"Emilio Pagán","Cincinnati Reds","Pitcher","6' 2""",208,"L","R",74
681624,"Andy Pages","Los Angeles Dodgers","Outfielder","6' 1""",212,"R","R",73
686780,"Pedro Pagés","St. Louis Cardinals","Catcher","5' 11""",245,"R","R",71
641943,"Joshua Palacios","Pittsburgh Pirates","Outfielder","6' 0""",210,"L","R",72
680700,"Richie Palacios","Tampa Bay Rays","Second Base","5' 8""",185,"L","R",68
694037,"Daniel Palencia","Chicago Cubs","Pitcher","5' 11""",160,"R","R",71
669467,"Andre Pallante","St. Louis Cardinals","Pitcher","6' 0""",215,"R","R",72
660600,"Enoli Paredes","Chicago Cubs","Pitcher","5' 11""",171,"R","R",71
670623,"Isaac Paredes","Chicago Cubs","Third Base","5' 11""",213,"R","R",71
677347,"Kyren Paris","Los Angeles Angels","Second Base","5' 10""",180,"R","R",70
680730,"Mitchell Parker","Washington Nationals","Pitcher","6' 4""",239,"L","L",76
641149,"Wes Parsons","Cleveland Guardians","Pitcher","6' 5""",206,"R","R",77
686469,"Vinnie Pasquantino","Kansas City Royals","First Base","6' 3""",245,"L","L",75
688363,"Graham Pauley","San Diego Padres","Third Base","6' 1""",200,"L","R",73
572020,"James Paxton","Boston Red Sox","Pitcher","6' 4""",212,"L","L",76
606303,"Joel Payamps","Milwaukee Brewers","Pitcher","6' 3""",214,"R","R",75
663878,"Nate Pearson","Chicago Cubs","Pitcher","6' 6""",255,"R","R",78
592626,"Joc Pederson","Arizona Diamondbacks","Designated Hitter","6' 1""",220,"L","L",73
665625,"Elvis Peguero","Milwaukee Brewers","Pitcher","6' 4""",238,"R","R",76
678894,"Liover Peguero","Pittsburgh Pirates","Shortstop","6' 0""",200,"R","R",72
665161,"Jeremy Peña","Houston Astros","Shortstop","6' 0""",202,"R","R",72
679156,"Walter Pennington","Texas Rangers","Pitcher","6' 2""",205,"L","L",74
683068,"Zach Penrod","Boston Red Sox","Pitcher","6' 2""",210,"L","L",74
686752,"Ryan Pepiot","Tampa Bay Rays","Pitcher","6' 3""",210,"R","R",75
642547,"Freddy Peralta","Milwaukee Brewers","Pitcher","6' 0""",198,"R","R",72
678821,"Luis Peralta","Colorado Rockies","Pitcher","5' 11""",203,"L","L",71
671111,"Sammy Peralta","Chicago White Sox","Pitcher","6' 1""",214,"L","L",73
444482,"David Peralta","San Diego Padres","Outfielder","6' 1""",210,"L","L",73
593974,"Wandy Peralta","San Diego Padres","Pitcher","6' 0""",227,"L","L",72
672724,"Oswald Peraza","New York Yankees","Second Base","5' 11""",200,"R","R",71
672695,"Geraldo Perdomo","Arizona Diamondbacks","Shortstop","6' 2""",210,"S","R",74
640902,"Jhonny Pereda","Miami Marlins","Catcher","6' 1""",202,"R","R",73
672335,"Cionel Pérez","Baltimore Orioles","Pitcher","6' 0""",175,"R","L",72
527048,"Martín Pérez","San Diego Padres","Pitcher","6' 0""",210,"L","L",72
521692,"Salvador Perez","Kansas City Royals","Designated Hitter","6' 2""",255,"R","R",74
672761,"Wenceel Pérez","Detroit Tigers","Outfielder","5' 11""",203,"S","R",71
663368,"Blake Perkins","Milwaukee Brewers","Outfielder","6' 0""",185,"S","R",72
656848,"Michael Petersen","Miami Marlins","Pitcher","6' 7""",195,"R","R",79
656849,"David Peterson","New York Mets","Pitcher","6' 6""",240,"L","L",78
607054,"Jace Peterson","Arizona Diamondbacks","Second Base","6' 0""",215,"L","R",72
694297,"Brandon Pfaadt","Arizona Diamondbacks","Pitcher","6' 4""",220,"R","R",76
502054,"Tommy Pham","Kansas City Royals","Outfielder","6' 1""",225,"R","R",73
623465,"Evan Phillips","Los Angeles Dodgers","Pitcher","6' 2""",215,"R","R",74
663969,"Tyler Phillips","Philadelphia Phillies","Pitcher","6' 5""",225,"R","R",77
607680,"Kevin Pillar","Los Angeles Angels","Outfielder","6' 0""",210,"R","R",72
666207,"Riley Pint","Colorado Rockies","Pitcher","6' 5""",225,"R","R",77
650907,"René Pinto","Tampa Bay Rays","Catcher","5' 10""",195,"R","R",70
620982,"Ricardo Pinto","Philadelphia Phillies","Pitcher","6' 0""",195,"R","R",72
601713,"Nick Pivetta","Boston Red Sox","Pitcher","6' 5""",210,"R","R",77
668676,"Zach Plesac","Los Angeles Angels","Pitcher","6' 3""",220,"R","R",75
621363,"Colin Poche","Tampa Bay Rays","Pitcher","6' 3""",225,"L","L",75
593871,"Jorge Polanco","Seattle Mariners","Designated Hitter","6' 0""",208,"S","R",72
647315,"Zach Pop","Toronto Blue Jays","Pitcher","6' 4""",220,"R","R",76
547001,"Cody Poteet","New York Yankees","Pitcher","6' 1""",190,"R","R",73
700249,"Cade Povich","Baltimore Orioles","Pitcher","6' 3""",200,"L","L",75
668472,"Nick Pratto","Kansas City Royals","First Base","6' 1""",225,"L","L",73
519151,"Ryan Pressly","Houston Astros","Pitcher","6' 2""",207,"R","R",74
682990,"Quinn Priester","Boston Red Sox","Pitcher","6' 3""",224,"R","R",75
595777,"Jurickson Profar","San Diego Padres","Outfielder","5' 11""",184,"S","R",71
643493,"Austin Pruitt","Texas Rangers","Pitcher","5' 10""",185,"R","R",70
640462,"A.J. Puk","Arizona Diamondbacks","Pitcher","6' 7""",248,"L","L",79
615698,"Cal Quantrill","Colorado Rockies","Pitcher","6' 3""",195,"L","R",75
650671,"José Quijada","Los Angeles Angels","Pitcher","5' 11""",215,"L","L",71
500779,"Jose Quintana","New York Mets","Pitcher","6' 2""",224,"R","L",74
678882,"Ceddanne Rafaela","Boston Red Sox","Outfielder","5' 10""",165,"R","R",70
666142,"Cole Ragans","Kansas City Royals","Pitcher","6' 4""",190,"L","L",76
663432,"Tanner Rainey","Washington Nationals","Pitcher","6' 3""",245,"R","R",75
663728,"Cal Raleigh","Seattle Mariners","Catcher","6' 2""",235,"S","R",74
548384,"Brooks Raley","New York Mets","Pitcher","6' 3""",200,"L","L",75
670042,"Luke Raley","Seattle Mariners","Outfielder","6' 3""",235,"L","R",75
642629,"Emmanuel Ramirez","Miami Marlins","Pitcher","6' 2""",190,"R","R",74
541640,"Erasmo Ramírez","Tampa Bay Rays","Pitcher","6' 0""",220,"R","R",72
623912,"Harold Ramírez","Washington Nationals","Outfielder","5' 11""",232,"R","R",71
608070,"José Ramírez","Cleveland Guardians","Third Base","5' 8""",190,"S","R",68
598286,"Nick Ramirez","Los Angeles Dodgers","Pitcher","6' 4""",232,"L","L",76
670990,"Yohan Ramírez","Boston Red Sox","Pitcher","6' 3""",205,"R","R",75
682868,"Bryan Ramos","Chicago White Sox","Third Base","6' 2""",225,"R","R",74
671218,"Heliot Ramos","San Francisco Giants","Outfielder","5' 11""",235,"R","R",71
656876,"Drew Rasmussen","Tampa Bay Rays","Pitcher","6' 1""",240,"R","R",73
592662,"Robbie Ray","San Francisco Giants","Pitcher","6' 2""",220,"L","L",74
607067,"Colin Rea","Milwaukee Brewers","Pitcher","6' 5""",220,"R","R",77
592663,"J.T. Realmuto","Philadelphia Phillies","Catcher","6' 0""",212,"R","R",72
656883,"Jakson Reetz","San Francisco Giants","Catcher","5' 10""",205,"R","R",70
608701,"Rob Refsnyder","Boston Red Sox","Designated Hitter","5' 11""",215,"R","R",71
656887,"Sean Reid-Foley","New York Mets","Pitcher","6' 3""",230,"R","R",75
621545,"Zach Remillard","Chicago White Sox","Second Base","6' 1""",190,"R","R",73
543685,"Anthony Rendon","Los Angeles Angels","Third Base","6' 1""",200,"R","R",73
592669,"Hunter Renfroe","Kansas City Royals","Outfielder","6' 1""",230,"R","R",73
650859,"Luis Rengifo","Los Angeles Angels","Outfielder","5' 9""",204,"S","R",69
622103,"Gerardo Reyes","Oakland Athletics","Pitcher","5' 11""",195,"R","R",71
622569,"Pablo Reyes","Boston Red Sox","Outfield","5' 8""",175,"R","R",68
668804,"Bryan Reynolds","Pittsburgh Pirates","Outfielder","6' 2""",210,"S","R",74
669308,"Sean Reynolds","San Diego Padres","Pitcher","6' 8""",250,"L","R",80
687377,"Orlando Ribalta","Washington Nationals","Pitcher","6' 7""",245,"R","R",79
700250,"Ben Rice","New York Yankees","Designated Hitter","6' 2""",228,"L","R",74
670950,"Trevor Richards","Minnesota Twins","Pitcher","6' 2""",205,"R","R",74
680689,"Lyon Richardson","Cincinnati Reds","Pitcher","6' 2""",207,"S","R",74
663586,"Austin Riley","Atlanta Braves","Third Base","6' 1""",225,"R","R",73
621458,"Edwin Rios","Cincinnati Reds","First Base","6' 3""",220,"L","R",75
660844,"Leo Rivas","Seattle Mariners","Third Base","5' 7""",150,"S","R",67
656896,"Emmanuel Rivera","Miami Marlins","Third Base","6' 0""",225,"R","R",72
519203,"Anthony Rizzo","New York Yankees","First Base","6' 3""",240,"L","L",75
642016,"Daniel Robert","Texas Rangers","Pitcher","6' 4""",210,"L","R",76
673357,"Luis Robert Jr.","Chicago White Sox","Outfielder","6' 2""",225,"R","R",74
681799,"Ethan Roberts","Chicago Cubs","Pitcher","5' 10""",180,"R","R",70
502085,"David Robertson","Texas Rangers","Pitcher","5' 11""",195,"R","R",71
687798,"Nick Robertson","Toronto Blue Jays","Pitcher","6' 6""",235,"R","R",78
642020,"Chuckie Robinson","Chicago White Sox","Catcher","6' 0""",215,"R","R",72
645302,"Victor Robles","Seattle Mariners","Outfielder","6' 0""",193,"R","R",72
677587,"Brayan Rocchio","Cleveland Guardians","Shortstop","5' 9""",170,"S","R",69
677958,"Kumar Rocker","Texas Rangers","Pitcher","6' 5""",245,"R","R",77
663898,"Brendan Rodgers","Colorado Rockies","Second Base","6' 0""",204,"R","R",72
607074,"Carlos Rodón","New York Yankees","Pitcher","6' 2""",255,"L","L",74
692230,"Carlos Rodriguez","Milwaukee Brewers","Pitcher","5' 11""",203,"R","R",71
593958,"Eduardo Rodriguez","Arizona Diamondbacks","Pitcher","6' 2""",231,"L","L",74
680570,"Grayson Rodriguez","Baltimore Orioles","Pitcher","6' 5""",230,"L","R",77
570257,"Joely Rodríguez","Boston Red Sox","Pitcher","6' 1""",223,"L","L",73
671286,"Johnathan Rodríguez","Cleveland Guardians","Outfielder","6' 2""",224,"R","R",74
677594,"Julio Rodríguez","Seattle Mariners","Outfielder","6' 4""",228,"R","R",76
655889,"Manuel Rodríguez","Tampa Bay Rays","Pitcher","5' 11""",205,"R","R",71
678495,"Randy Rodríguez","San Francisco Giants","Pitcher","6' 0""",195,"R","R",72
684320,"Yariel Rodríguez","Toronto Blue Jays","Pitcher","6' 0""",165,"R","R",72
666720,"Yerry Rodríguez","Toronto Blue Jays","Pitcher","6' 2""",225,"R","R",74
668670,"Jake Rogers","Detroit Tigers","Catcher","5' 11""",201,"R","R",71
642028,"Josh Rogers","Colorado Rockies","Pitcher","6' 3""",211,"L","L",75
573124,"Taylor Rogers","San Francisco Giants","Pitcher","6' 3""",190,"L","L",75
669432,"Trevor Rogers","Baltimore Orioles","Pitcher","6' 5""",230,"L","L",77
643511,"Tyler Rogers","San Francisco Giants","Pitcher","6' 3""",180,"R","R",75
679032,"Johan Rojas","Philadelphia Phillies","Outfielder","5' 11""",165,"R","R",71
668942,"Josh Rojas","Seattle Mariners","Third Base","6' 1""",200,"L","R",73
500743,"Miguel Rojas","Los Angeles Dodgers","Second Base","5' 10""",188,"R","R",70
676896,"Chris Roller","Milwaukee Brewers","Outfielder","5' 11""",186,"R","R",71
605447,"Jordan Romano","Toronto Blue Jays","Pitcher","6' 5""",210,"R","R",77
668941,"JoJo Romero","St. Louis Cardinals","Pitcher","5' 11""",215,"L","L",71
691011,"Drew Romo","Colorado Rockies","Catcher","6' 0""",205,"S","R",72
667670,"Brent Rooker","Oakland Athletics","Designated Hitter","6' 3""",225,"R","R",75
666163,"Ben Rortvedt","Tampa Bay Rays","Catcher","5' 10""",210,"L","R",70
592696,"Eddie Rosario","Atlanta Braves","Outfield","6' 0""",180,"L","R",72
666703,"Eguy Rosario","San Diego Padres","Third Base","5' 8""",150,"R","R",68
642708,"Amed Rosario","Cincinnati Reds","Third Base","6' 1""",227,"R","R",73
670046,"Kenny Rosenberg","Los Angeles Angels","Pitcher","6' 1""",195,"L","L",73
605452,"Joe Ross","Milwaukee Brewers","Pitcher","6' 4""",243,"R","R",76
694738,"Landen Roupp","San Francisco Giants","Pitcher","6' 2""",220,"R","R",74
688297,"Chris Roycroft","St. Louis Cardinals","Pitcher","6' 8""",230,"R","R",80
665923,"Esteury Ruiz","Oakland Athletics","Outfielder","5' 11""",169,"R","R",71
614179,"José Ruiz","Philadelphia Phillies","Pitcher","6' 1""",245,"R","R",73
660688,"Keibert Ruiz","Washington Nationals","Catcher","5' 11""",238,"S","R",71
671131,"Jackson Rutledge","Washington Nationals","Pitcher","6' 8""",241,"R","R",80
668939,"Adley Rutschman","Baltimore Orioles","Catcher","6' 1""",230,"S","R",73
657746,"Joe Ryan","Minnesota Twins","Pitcher","6' 2""",205,"R","R",74
689981,"River Ryan","Los Angeles Dodgers","Pitcher","6' 2""",195,"R","R",74
656924,"Ryder Ryan","Pittsburgh Pirates","Pitcher","6' 2""",205,"R","R",74
685314,"Andrew Saalfrank","Arizona Diamondbacks","Pitcher","6' 3""",220,"L","L",75
666165,"Blake Sabol","San Francisco Giants","Catcher","6' 4""",225,"L","R",76
681870,"Erik Sabrowski","Cleveland Guardians","Pitcher","6' 4""",230,"R","L",76
695336,"Thomas Saggese","St. Louis Cardinals","Outfielder","5' 10""",185,"R","R",70
663967,"César Salazar","Houston Astros","Catcher","5' 8""",198,"L","R",68
674285,"Eduardo Salazar","Washington Nationals","Pitcher","6' 2""",177,"R","R",74
519242,"Chris Sale","Atlanta Braves","Pitcher","6' 6""",180,"L","L",78
676614,"Bryan Sammons","Detroit Tigers","Pitcher","6' 4""",235,"L","L",76
645305,"Ali Sánchez","Miami Marlins","Catcher","6' 0""",200,"R","R",72
650911,"Cristopher Sánchez","Philadelphia Phillies","Pitcher","6' 6""",200,"L","L",78
596142,"Gary Sánchez","Milwaukee Brewers","Catcher","6' 2""",251,"R","R",74
660821,"Jesús Sánchez","Miami Marlins","Outfielder","6' 3""",222,"L","R",75
664350,"Sixto Sánchez","Miami Marlins","Pitcher","6' 0""",234,"R","R",72
680704,"Nick Sandlin","Cleveland Guardians","Pitcher","5' 11""",175,"R","R",71
663776,"Patrick Sandoval","Los Angeles Angels","Pitcher","6' 3""",190,"L","L",75
663485,"Cole Sands","Minnesota Twins","Pitcher","6' 3""",215,"R","R",75
593934,"Miguel Sanó","Los Angeles Angels","Third Base","6' 4""",272,"R","R",76
691594,"Javier Sanoja","Miami Marlins","Third Base","5' 7""",150,"R","R",67
467793,"Carlos Santana","Minnesota Twins","First Base","5' 10""",210,"S","R",70
642701,"Dennis Santana","Pittsburgh Pirates","Pitcher","6' 2""",202,"R","R",74
623993,"Anthony Santander","Baltimore Orioles","Outfielder","6' 1""",230,"S","R",73
663574,"Tony Santillan","Cincinnati Reds","Pitcher","6' 3""",285,"R","R",75
666619,"Gregory Santos","Seattle Mariners","Pitcher","6' 3""",236,"R","R",75
642048,"Tayler Saucedo","Seattle Mariners","Pitcher","6' 4""",205,"L","L",76
669422,"Matt Sauer","Kansas City Royals","Pitcher","6' 4""",230,"R","R",76
622250,"Josh Sborz","Texas Rangers","Pitcher","6' 3""",215,"R","R",75
694384,"Nolan Schanuel","Los Angeles Angels","First Base","6' 2""",220,"L","R",74
453286,"Max Scherzer","Texas Rangers","Pitcher","6' 3""",208,"R","R",75
657376,"Clarke Schmidt","New York Yankees","Pitcher","6' 1""",210,"R","R",73
669477,"Casey Schmitt","San Francisco Giants","Outfielder","6' 0""",215,"R","R",72
682177,"Daniel Schneemann","Cleveland Guardians","Outfielder","6' 0""",185,"L","R",72
676914,"Davis Schneider","Toronto Blue Jays","Outfielder","5' 8""",190,"R","R",68
670167,"John Schreiber","Kansas City Royals","Pitcher","6' 2""",224,"R","R",74
680474,"Max Schuemann","Oakland Athletics","Outfielder","6' 0""",198,"R","R",72
668845,"Aaron Schunk","Colorado Rockies","Shortstop","6' 1""",205,"R","R",73
656941,"Kyle Schwarber","Philadelphia Phillies","Designated Hitter","5' 11""",229,"L","R",71
680885,"Spencer Schwellenbach","Atlanta Braves","Pitcher","6' 1""",200,"R","R",73
681035,"Christian Scott","New York Mets","Pitcher","6' 4""",215,"R","R",76
656945,"Tanner Scott","San Diego Padres","Pitcher","6' 0""",235,"R","L",72
605463,"Tayler Scott","Houston Astros","Pitcher","6' 3""",185,"R","R",75
687363,"Victor Scott II","St. Louis Cardinals","Outfielder","5' 10""",190,"L","L",70
608369,"Corey Seager","Texas Rangers","Shortstop","6' 4""",215,"L","R",76
676664,"JP Sears","Oakland Athletics","Pitcher","5' 11""",180,"R","L",71
681882,"Colin Selby","Baltimore Orioles","Pitcher","6' 2""",215,"R","R",74
543760,"Marcus Semien","Texas Rangers","Second Base","6' 0""",195,"R","R",72
673540,"Kodai Senga","New York Mets","Pitcher","6' 1""",202,"L","R",73
622608,"Antonio Senzatela","Colorado Rockies","Pitcher","6' 1""",235,"R","R",73
669222,"Nick Senzel","Chicago White Sox","Third Base","6' 0""",217,"R","R",72
661531,"Brian Serven","Toronto Blue Jays","Catcher","6' 0""",207,"R","R",72
622663,"Luis Severino","New York Mets","Pitcher","6' 2""",218,"R","R",74
623149,"Paul Sewald","Arizona Diamondbacks","Pitcher","6' 3""",219,"R","R",75
543766,"Bryan Shaw","Chicago White Sox","Pitcher","6' 1""",225,"S","R",73
657757,"Gavin Sheets","Chicago White Sox","First Base","6' 3""",235,"L","L",75
668853,"Austin Shenton","Tampa Bay Rays","First Base","6' 0""",205,"L","R",72
669699,"Braden Shewmake","Chicago White Sox","Shortstop","6' 3""",200,"L","R",75
670097,"Zack Short","Atlanta Braves","Shortstop","5' 10""",180,"R","R",70
592741,"Chasen Shreve","Colorado Rockies","Pitcher","6' 4""",180,"L","L",76
663767,"Chase Shugart","Boston Red Sox","Pitcher","5' 11""",200,"L","R",71
694363,"Jared Shuster","Chicago White Sox","Pitcher","6' 3""",220,"L","L",75
672279,"Michael Siani","St. Louis Cardinals","Outfielder","5' 11""",195,"L","L",71
681217,"Chase Silseth","Los Angeles Angels","Pitcher","6' 0""",217,"R","R",72
608371,"Lucas Sims","Boston Red Sox","Pitcher","6' 2""",213,"R","R",74
663903,"Brady Singer","Kansas City Royals","Pitcher","6' 5""",215,"R","R",77
572138,"Jon Singleton","Houston Astros","First Base","6' 2""",256,"L","L",74
642350,"Jose Siri","Tampa Bay Rays","Outfielder","6' 2""",210,"R","R",74
694973,"Paul Skenes","Pittsburgh Pirates","Pitcher","6' 6""",260,"R","R",78
669373,"Tarik Skubal","Detroit Tigers","Pitcher","6' 3""",240,"R","L",75
686580,"Justin Slaten","Boston Red Sox","Pitcher","6' 4""",222,"R","R",76
596103,"Austin Slater","Baltimore Orioles","Outfielder","6' 1""",205,"R","R",73
622098,"Drew Smith","New York Mets","Pitcher","6' 2""",190,"R","R",74
572143,"Burch Smith","Baltimore Orioles","Pitcher","6' 4""",225,"R","R",76
671922,"Cade Smith","Cleveland Guardians","Pitcher","6' 5""",230,"R","R",77
642086,"Dominic Smith","Boston Red Sox","Designated Hitter","5' 11""",224,"L","L",71
669701,"Josh Smith","Texas Rangers","Second Base","5' 9""",172,"L","R",69
675656,"Kevin Smith","New York Yankees","Shortstop","5' 11""",190,"R","R",71
656976,"Pavin Smith","Arizona Diamondbacks","First Base","6' 2""",208,"L","L",74
669257,"Will Smith","Los Angeles Dodgers","Catcher","5' 10""",195,"R","R",70
519293,"Will Smith","Kansas City Royals","Pitcher","6' 5""",255,"R","L",77
700363,"AJ Smith-Shawver","Atlanta Braves","Pitcher","6' 3""",205,"R","R",75
592767,"Drew Smyly","Chicago Cubs","Pitcher","6' 2""",188,"L","L",74
669912,"Kirby Snead","Seattle Mariners","Pitcher","6' 1""",218,"L","L",73
605483,"Blake Snell","San Francisco Giants","Pitcher","6' 4""",225,"L","L",76
676092,"Collin Snider","Seattle Mariners","Pitcher","6' 4""",195,"R","R",76
691016,"Tyler Soderstrom","Oakland Athletics","Outfielder","6' 2""",200,"L","R",74
686765,"Nick Sogard","Boston Red Sox","Second Base","6' 1""",189,"S","R",73
456781,"Donovan Solano","San Diego Padres","First Base","5' 8""",210,"R","R",68
624585,"Jorge Soler","Atlanta Braves","Designated Hitter","6' 3""",235,"R","R",75
666277,"George Soriano","Miami Marlins","Pitcher","6' 2""",210,"R","R",74
667755,"José Soriano","Los Angeles Angels","Pitcher","6' 3""",220,"R","R",75
647336,"Michael Soroka","Chicago White Sox","Pitcher","6' 5""",250,"R","R",77
624641,"Edmundo Sosa","Philadelphia Phillies","Outfielder","5' 11""",210,"R","R",71
672820,"Lenyn Sosa","Chicago White Sox","Second Base","5' 11""",210,"R","R",71
642397,"Gregory Soto","Baltimore Orioles","Pitcher","6' 1""",247,"L","L",73
665742,"Juan Soto","New York Yankees","Outfielder","6' 1""",224,"L","L",73
670869,"Livan Soto","Baltimore Orioles","Shortstop","5' 10""",160,"L","R",70
666208,"Alex Speas","Houston Astros","Pitcher","6' 3""",205,"R","R",75
642100,"Gabe Speier","Seattle Mariners","Pitcher","5' 11""",200,"L","L",71
687765,"Mitch Spence","Oakland Athletics","Pitcher","6' 1""",185,"R","R",73
686730,"Carson Spiers","Cincinnati Reds","Pitcher","6' 3""",205,"R","R",75
543807,"George Springer","Toronto Blue Jays","Designated Hitter","6' 1""",220,"R","R",73
605488,"Jeffrey Springs","Tampa Bay Rays","Pitcher","6' 3""",218,"L","L",75
607732,"Jacob Stallings","Colorado Rockies","Catcher","6' 5""",225,"R","R",77
592773,"Ryne Stanek","New York Mets","Pitcher","6' 4""",226,"R","R",76
519317,"Giancarlo Stanton","New York Yankees","Designated Hitter","6' 5""",245,"R","R",77
622251,"Josh Staumont","Minnesota Twins","Pitcher","6' 3""",200,"R","R",75
657006,"Justin Steele","Chicago Cubs","Pitcher","6' 2""",205,"L","L",74
668715,"Spencer Steer","Cincinnati Reds","First Base","5' 9""",185,"R","R",69
683021,"Michael Stefanic","Los Angeles Angels","Second Base","5' 9""",180,"R","R",69
623451,"Jackson Stephens","Atlanta Braves","Pitcher","6' 2""",220,"R","R",74
663886,"Tyler Stephenson","Cincinnati Reds","Catcher","6' 3""",225,"R","R",75
686993,"Justin Sterner","Tampa Bay Rays","Pitcher","6' 1""",215,"R","R",73
670276,"Cal Stevenson","Philadelphia Phillies","Outfield","5' 9""",175,"L","L",69
592779,"Brock Stewart","Minnesota Twins","Pitcher","6' 3""",220,"L","R",75
621466,"DJ Stewart","New York Mets","Outfielder","5' 11""",230,"L","R",71
694813,"Gavin Stone","Los Angeles Dodgers","Pitcher","6' 1""",175,"R","R",73
596115,"Trevor Story","Boston Red Sox","Shortstop","6' 1""",209,"R","R",73
681082,"Bryson Stott","Philadelphia Phillies","Second Base","6' 0""",200,"L","R",72
669065,"Kyle Stowers","Miami Marlins","First Base","6' 2""",215,"L","L",74
621381,"Matt Strahm","Philadelphia Phillies","Pitcher","6' 2""",190,"R","L",74
608717,"Chris Stratton","Kansas City Royals","Pitcher","6' 2""",205,"R","R",74
676702,"Hunter Stratton","Pittsburgh Pirates","Pitcher","6' 4""",225,"R","R",76
664702,"Myles Straw","Cleveland Guardians","Outfielder","5' 9""",178,"R","R",69
519326,"Hunter Strickland","Los Angeles Angels","Pitcher","6' 3""",225,"R","R",75
675911,"Spencer Strider","Atlanta Braves","Pitcher","6' 0""",195,"R","R",72
548389,"Ross Stripling","Oakland Athletics","Pitcher","6' 1""",215,"R","R",73
573186,"Marcus Stroman","New York Yankees","Pitcher","5' 7""",180,"R","R",67
657265,"Peter Strzelecki","Cleveland Guardians","Pitcher","6' 2""",210,"R","R",74
596117,"Garrett Stubbs","Philadelphia Phillies","Catcher","5' 9""",170,"L","R",69
544150,"Albert Suárez","Baltimore Orioles","Pitcher","6' 3""",235,"R","R",75
553993,"Eugenio Suárez","Arizona Diamondbacks","Designated Hitter","5' 11""",213,"R","R",71
660761,"José Suarez","Los Angeles Angels","Pitcher","5' 10""",225,"L","L",70
624133,"Ranger Suarez","Philadelphia Phillies","Pitcher","6' 1""",217,"L","L",73
663158,"Robert Suarez","San Diego Padres","Pitcher","6' 2""",210,"R","R",74
593833,"Wander Suero","Houston Astros","Pitcher","6' 4""",216,"R","R",76
664954,"Brett Sullivan","San Diego Padres","Catcher","5' 11""",190,"L","R",71
642121,"Cole Sulser","Tampa Bay Rays","Pitcher","6' 0""",200,"R","R",72
608718,"Brent Suter","Cincinnati Reds","Pitcher","6' 4""",213,"L","L",76
669261,"Jack Suwinski","Pittsburgh Pirates","Outfielder","6' 1""",217,"L","L",73
673548,"Seiya Suzuki","Chicago Cubs","Outfielder","5' 11""",182,"R","R",71
657024,"Erik Swanson","Toronto Blue Jays","Pitcher","6' 3""",225,"R","R",75
621020,"Dansby Swanson","Chicago Cubs","Shortstop","6' 0""",190,"R","R",72
700242,"Trey Sweeney","Detroit Tigers","Shortstop","6' 2""",212,"L","R",74
592791,"Jameson Taillon","Chicago Cubs","Pitcher","6' 5""",230,"R","R",77
622253,"Dillon Tate","Toronto Blue Jays","Pitcher","6' 2""",190,"R","R",74
665487,"Fernando Tatis Jr.","San Diego Padres","Outfielder","6' 3""",217,"R","R",75
643565,"Mike Tauchman","Chicago Cubs","Outfielder","6' 1""",215,"L","L",73
665750,"Leody Taveras","Texas Rangers","Outfielder","6' 2""",210,"S","R",74
621035,"Chris Taylor","Los Angeles Dodgers","Outfielder","6' 0""",196,"R","R",72
572191,"Michael A. Taylor","Pittsburgh Pirates","Outfielder","6' 4""",215,"R","R",76
669392,"Samad Taylor","Seattle Mariners","Outfielder","5' 8""",160,"R","R",68
700187,"Troy Taylor","Seattle Mariners","Pitcher","6' 0""",205,"R","R",72
621438,"Tyrone Taylor","New York Mets","Outfielder","6' 0""",218,"R","R",72
527054,"Julio Teheran","New York Mets","Pitcher","6' 2""",205,"R","R",74
642133,"Rowdy Tellez","Pittsburgh Pirates","First Base","6' 3""",273,"L","L",75
677588,"José Tena","Washington Nationals","Designated Hitter","5' 10""",195,"L","R",70
678906,"Kai-Wei Teng","San Francisco Giants","Pitcher","6' 4""",241,"R","R",76
669326,"Bryce Teodosio","Los Angeles Angels","Outfielder","6' 2""",220,"R","L",74
642136,"Matt Thaiss","Los Angeles Angels","Catcher","5' 11""",215,"L","R",71
573204,"Caleb Thielbar","Minnesota Twins","Pitcher","6' 0""",205,"R","L",72
677950,"Alek Thomas","Arizona Diamondbacks","Outfielder","5' 9""",175,"L","L",69
657041,"Lane Thomas","Cleveland Guardians","Outfielder","5' 11""",195,"R","R",71
624522,"Keegan Thompson","Chicago Cubs","Pitcher","6' 1""",197,"R","R",73
669352,"Bubba Thompson","Cincinnati Reds","Outfield","6' 2""",197,"R","R",74
657044,"Ryan Thompson","Arizona Diamondbacks","Pitcher","6' 5""",210,"R","R",77
668868,"Zack Thompson","St. Louis Cardinals","Pitcher","6' 2""",215,"L","L",74
663423,"Trent Thornton","Seattle Mariners","Pitcher","6' 0""",190,"R","R",72
689672,"Drew Thorpe","Chicago White Sox","Pitcher","6' 4""",220,"L","R",76
622786,"Jesus Tinoco","Miami Marlins","Pitcher","6' 4""",258,"R","R",76
669911,"Michael Toglia","Colorado Rockies","First Base","6' 5""",226,"S","L",77
543859,"Michael Tonkin","Minnesota Twins","Pitcher","6' 7""",220,"R","R",79
623437,"Justin Topa","Minnesota Twins","Pitcher","6' 4""",200,"R","R",76
679529,"Spencer Torkelson","Detroit Tigers","First Base","6' 1""",220,"R","R",73
647351,"Abraham Toro","Oakland Athletics","First Base","6' 0""",223,"S","R",72
620443,"Luis Torrens","New York Mets","Catcher","5' 11""",217,"R","R",71
650402,"Gleyber Torres","New York Yankees","Second Base","5' 10""",205,"R","R",70
657053,"Touki Toussaint","Chicago White Sox","Pitcher","6' 3""",215,"R","R",75
678662,"Ezequiel Tovar","Colorado Rockies","Shortstop","6' 0""",192,"R","R",72
666211,"Taylor Trammell","New York Yankees","Outfielder","6' 1""",220,"L","L",73
595014,"Blake Treinen","Los Angeles Dodgers","Pitcher","6' 5""",225,"R","R",77
676701,"Alan Trejo","Colorado Rockies","Shortstop","6' 0""",205,"R","R",72
624431,"Jose Trevino","New York Yankees","Catcher","5' 9""",215,"R","R",69
669707,"Jared Triolo","Pittsburgh Pirates","Shortstop","6' 3""",212,"R","R",75
644433,"Chadwick Tromp","Atlanta Braves","Catcher","5' 8""",221,"R","R",68
545361,"Mike Trout","Los Angeles Angels","Outfielder","6' 1""",235,"R","R",73
657061,"Cole Tucker","Los Angeles Angels","Shortstop","6' 3""",200,"S","R",75
663656,"Kyle Tucker","Houston Astros","Outfielder","6' 3""",212,"L","R",75
668930,"Brice Turang","Milwaukee Brewers","Second Base","6' 0""",190,"L","R",72
605513,"Spencer Turnbull","Philadelphia Phillies","Pitcher","6' 3""",210,"R","R",75
457759,"Justin Turner","Seattle Mariners","First Base","5' 11""",208,"R","R",71
607208,"Trea Turner","Philadelphia Phillies","Shortstop","6' 1""",185,"R","R",73
667725,"Kyle Tyler","Miami Marlins","Pitcher","6' 0""",200,"R","R",72
670955,"Edwin Uceta","Tampa Bay Rays","Pitcher","6' 0""",210,"R","R",72
570632,"José Ureña","Texas Rangers","Pitcher","6' 2""",208,"R","R",74
649966,"Luis Urías","Seattle Mariners","Second Base","5' 9""",202,"R","R",69
602104,"Ramón Urías","Baltimore Orioles","Third Base","5' 9""",185,"R","R",69
682842,"Abner Uribe","Milwaukee Brewers","Pitcher","6' 3""",205,"R","R",75
570482,"Gio Urshela","Atlanta Braves","Third Base","6' 0""",215,"R","R",72
683822,"Naoyuki Uwasawa","Boston Red Sox","Pitcher","6' 1""",194,"R","R",73
665839,"Enmanuel Valdez","Boston Red Sox","First Base","5' 8""",202,"L","R",68
664285,"Framber Valdez","Houston Astros","Pitcher","5' 11""",230,"R","L",71
676568,"Ricky Vanasco","Detroit Tigers","Pitcher","6' 3""",180,"R","R",75
545121,"Ildemaro Vargas","Washington Nationals","First Base","5' 11""",202,"S","R",71
678246,"Miguel Vargas","Chicago White Sox","Third Base","6' 2""",225,"R","R",74
681402,"Gus Varland","Chicago White Sox","Pitcher","6' 1""",225,"L","R",73
686973,"Louis Varland","Minnesota Twins","Pitcher","6' 1""",205,"L","R",73
662139,"Daulton Varsho","Toronto Blue Jays","Outfielder","5' 8""",207,"L","R",68
681190,"Randy Vásquez","San Diego Padres","Pitcher","6' 0""",165,"R","R",72
683734,"Andrew Vaughn","Chicago White Sox","First Base","5' 10""",215,"R","R",70
543877,"Christian Vázquez","Minnesota Twins","Catcher","5' 8""",205,"R","R",68
676679,"Luis Vázquez","Chicago Cubs","Shortstop","6' 0""",165,"R","R",72
676369,"Nelson Velázquez","Kansas City Royals","Outfielder","5' 11""",190,"R","R",71
685107,"Anthony Veneziano","Miami Marlins","Pitcher","6' 5""",205,"L","L",77
657077,"Alex Verdugo","New York Yankees","Outfielder","6' 0""",209,"L","L",72
434378,"Justin Verlander","Houston Astros","Pitcher","6' 5""",240,"R","R",77
681911,"Alex Vesia","Los Angeles Dodgers","Pitcher","6' 1""",209,"L","L",73
663989,"Nick Vespi","Baltimore Orioles","Pitcher","6' 3""",235,"L","L",75
676684,"Will Vest","Detroit Tigers","Pitcher","6' 0""",180,"R","R",72
600986,"Thyago Vieira","Arizona Diamondbacks","Pitcher","6' 3""",259,"R","R",75
668901,"Mark Vientos","New York Mets","First Base","6' 3""",185,"R","R",75
663837,"Matt Vierling","Detroit Tigers","Outfielder","6' 1""",205,"R","R",73
668723,"Ryan Vilade","Detroit Tigers","Outfielder","6' 1""",226,"R","R",73
681871,"Eli Villalobos","Miami Marlins","Pitcher","6' 4""",195,"R","R",76
681584,"David Villar","San Francisco Giants","First Base","5' 11""",216,"R","R",71
670241,"Darius Vines","Atlanta Braves","Pitcher","6' 1""",190,"R","R",73
680767,"Victor Vodnik","Colorado Rockies","Pitcher","6' 0""",216,"R","R",72
596129,"Daniel Vogelbach","Toronto Blue Jays","First Base","6' 0""",270,"L","R",72
683011,"Anthony Volpe","New York Yankees","Shortstop","5' 10""",197,"R","R",70
613564,"Jason Vosler","Seattle Mariners","Third Base","6' 0""",220,"L","R",72
608723,"Austin Voth","Seattle Mariners","Pitcher","6' 2""",215,"R","R",74
608379,"Michael Wacha","Kansas City Royals","Pitcher","6' 6""",215,"R","R",78
664774,"LaMonte Wade Jr.","San Francisco Giants","Outfielder","5' 11""",215,"L","L",71
642180,"Tyler Wade","San Diego Padres","Second Base","6' 0""",188,"L","R",72
676572,"Eric Wagaman","Los Angeles Angels","First Base","6' 4""",210,"R","R",76
695238,"Will Wagner","Toronto Blue Jays","Designated Hitter","6' 0""",210,"L","R",72
621097,"Jacob Waguespack","Tampa Bay Rays","Pitcher","6' 6""",228,"R","R",78
694462,"Hurston Waldrep","Atlanta Braves","Pitcher","6' 2""",210,"R","R",74
663362,"Matt Waldron","San Diego Padres","Pitcher","6' 2""",185,"R","R",74
572233,"Christian Walker","Arizona Diamondbacks","First Base","5' 11""",208,"R","R",71
691023,"Jordan Walker","St. Louis Cardinals","Outfielder","6' 6""",250,"R","R",78
677020,"Josh Walker","New York Mets","Pitcher","6' 6""",225,"L","L",78
676254,"Ryan Walker","San Francisco Giants","Pitcher","6' 2""",215,"R","R",74
592836,"Taijuan Walker","Philadelphia Phillies","Pitcher","6' 4""",235,"R","R",76
657088,"Forrest Wall","Miami Marlins","Outfielder","6' 0""",195,"L","R",72
670242,"Matt Wallner","Minnesota Twins","Outfielder","6' 4""",220,"L","R",76
670764,"Taylor Walls","Tampa Bay Rays","Shortstop","5' 9""",185,"S","R",69
665120,"Jared Walsh","Texas Rangers","First Base","6' 0""",210,"L","L",72
686796,"Blake Walston","Arizona Diamondbacks","Pitcher","6' 5""",205,"L","L",77
689958,"Andrew Walters","Cleveland Guardians","Pitcher","6' 4""",222,"R","R",76
622268,"Donovan Walton","San Francisco Giants","Second Base","5' 9""",190,"L","R",69
681806,"Andrew Wantz","Los Angeles Angels","Pitcher","6' 4""",235,"R","R",76
621493,"Taylor Ward","Los Angeles Angels","Designated Hitter","6' 0""",205,"R","R",72
681810,"Austin Warren","San Francisco Giants","Pitcher","6' 0""",170,"R","R",72
701542,"Will Warren","New York Yankees","Pitcher","6' 2""",200,"R","R",74
671221,"Drew Waters","Kansas City Royals","Outfielder","6' 1""",185,"S","R",73
677960,"Ryan Weathers","Miami Marlins","Pitcher","6' 1""",230,"R","L",73
596133,"Luke Weaver","New York Yankees","Pitcher","6' 2""",180,"R","R",74
657097,"Jacob Webb","Baltimore Orioles","Pitcher","6' 2""",210,"R","R",74
657277,"Logan Webb","San Francisco Giants","Pitcher","6' 2""",221,"R","R",74
607179,"Jordan Weems","Washington Nationals","Pitcher","6' 4""",211,"L","R",76
669711,"Greg Weissert","Boston Red Sox","Pitcher","6' 2""",235,"R","R",74
669224,"Austin Wells","New York Yankees","Catcher","6' 1""",220,"L","R",73
669330,"Tyler Wells","Baltimore Orioles","Pitcher","6' 8""",270,"R","R",80
621563,"Joey Wendle","New York Mets","Second Base","6' 1""",195,"L","R",73
673995,"Davis Wendzel","Texas Rangers","Third Base","5' 11""",210,"R","R",71
666214,"Joey Wentz","Pittsburgh Pirates","Pitcher","6' 5""",220,"L","L",77
669713,"Hayden Wesneski","Chicago Cubs","Pitcher","6' 3""",210,"R","R",75
642197,"Jamie Westbrook","Boston Red Sox","Second Base","5' 7""",193,"R","R",67
676059,"Jordan Westburg","Baltimore Orioles","Third Base","6' 1""",215,"R","R",73
554430,"Zack Wheeler","Philadelphia Phillies","Pitcher","6' 4""",195,"L","R",76
694376,"Shay Whitcomb","Houston Astros","Third Base","6' 0""",202,"R","R",72
642201,"Eli White","Atlanta Braves","Outfielder","6' 2""",195,"R","R",74
669952,"Mitch White","Milwaukee Brewers","Pitcher","6' 3""",210,"R","R",75
669391,"Owen White","Texas Rangers","Pitcher","6' 3""",200,"R","R",75
666215,"Forrest Whitley","Houston Astros","Pitcher","6' 7""",208,"R","R",79
676477,"Garrett Whitlock","Boston Red Sox","Pitcher","6' 5""",222,"R","R",77
696136,"Jordan Wicks","Chicago Cubs","Pitcher","6' 3""",220,"L","L",75
686894,"Joey Wiemer","Cincinnati Reds","Outfielder","6' 4""",226,"R","R",76
675961,"Alika Williams","Pittsburgh Pirates","Shortstop","6' 1""",183,"R","R",73
642207,"Devin Williams","Milwaukee Brewers","Pitcher","6' 2""",193,"R","R",74
668909,"Gavin Williams","Cleveland Guardians","Pitcher","6' 6""",250,"L","R",78
663897,"Luke Williams","Atlanta Braves","Shortstop","6' 1""",186,"R","R",73
592866,"Trevor Williams","Washington Nationals","Pitcher","6' 3""",231,"R","R",75
682227,"Brandon Williamson","Cincinnati Reds","Pitcher","6' 6""",210,"R","L",78
686294,"Amos Willingham","Washington Nationals","Pitcher","6' 4""",223,"R","R",76
669060,"Bryse Wilson","Milwaukee Brewers","Pitcher","6' 2""",255,"R","R",74
805779,"Jacob Wilson","Oakland Athletics","Shortstop","6' 2""",190,"R","R",74
458677,"Justin Wilson","Cincinnati Reds","Pitcher","6' 2""",205,"L","L",74
621051,"Steven Wilson","Chicago White Sox","Pitcher","6' 4""",220,"R","R",76
642215,"Weston Wilson","Philadelphia Phillies","Third Base","6' 3""",215,"R","R",75
642216,"Allan Winans","Atlanta Braves","Pitcher","6' 2""",180,"R","R",74
670174,"Josh Winckowski","Boston Red Sox","Pitcher","6' 4""",215,"R","R",76
680739,"Josh Winder","Minnesota Twins","Pitcher","6' 5""",210,"R","R",77
622259,"Trey Wingenter","Chicago Cubs","Pitcher","6' 7""",237,"R","R",79
608385,"Jesse Winker","New York Mets","Outfielder","6' 2""",206,"L","L",74
668390,"Cole Winn","Texas Rangers","Pitcher","6' 2""",190,"R","R",74
676775,"Keaton Winn","San Francisco Giants","Pitcher","6' 4""",230,"R","R",76
691026,"Masyn Winn","St. Louis Cardinals","Shortstop","5' 9""",185,"R","R",69
621550,"Patrick Wisdom","Chicago Cubs","Third Base","6' 2""",220,"R","R",74
689172,"Brett Wisely","San Francisco Giants","Second Base","5' 9""",185,"L","R",69
677951,"Bobby Witt Jr.","Kansas City Royals","Shortstop","6' 1""",200,"R","R",73
657136,"Connor Wong","Boston Red Sox","Catcher","5' 10""",190,"R","R",70
693433,"Bryan Woo","Seattle Mariners","Pitcher","6' 2""",205,"R","R",74
695578,"James Wood","Washington Nationals","Outfielder","6' 6""",234,"L","R",78
622072,"Alex Wood","Oakland Athletics","Pitcher","6' 4""",215,"R","L",76
663765,"Jake Woodford","Pittsburgh Pirates","Pitcher","6' 4""",215,"R","R",76
680573,"Simeon Woods Richardson","Minnesota Twins","Pitcher","6' 3""",210,"R","R",75
680736,"Justin Wrobleski","Los Angeles Dodgers","Pitcher","6' 1""",194,"L","L",73
642851,"Austin Wynns","Cincinnati Reds","Catcher","6' 1""",190,"R","R",73
808967,"Yoshinobu Yamamoto","Los Angeles Dodgers","Pitcher","5' 10""",176,"R","R",70
687066,"Eric Yang","Cincinnati Reds","Catcher","5' 10""",185,"R","R",70
642232,"Ryan Yarbrough","Toronto Blue Jays","Pitcher","6' 5""",205,"R","L",77
573262,"Mike Yastrzemski","San Francisco Giants","Outfielder","5' 10""",180,"L","L",70
489446,"Kirby Yates","Texas Rangers","Pitcher","5' 10""",205,"L","R",70
592885,"Christian Yelich","Milwaukee Brewers","Designated Hitter","6' 4""",220,"L","R",76
660766,"Juan Yepez","Washington Nationals","First Base","6' 0""",235,"R","R",72
694377,"Nick Yorke","Pittsburgh Pirates","Third Base","5' 11""",220,"R","R",71
807799,"Masataka Yoshida","Boston Red Sox","Designated Hitter","5' 8""",192,"L","R",68
622065,"Alex Young","New York Mets","Pitcher","6' 3""",220,"L","L",75
664849,"Danny Young","New York Mets","Pitcher","6' 3""",200,"L","L",75
696285,"Jacob Young","Washington Nationals","Outfielder","5' 11""",192,"R","R",71
642239,"Rob Zastryzny","Milwaukee Brewers","Pitcher","6' 3""",231,"R","L",75
664874,"Seby Zavala","Seattle Mariners","Catcher","5' 11""",205,"R","R",71
666171,"Ryan Zeferjahn","Los Angeles Angels","Pitcher","6' 5""",209,"R","R",77
672582,"Angel Zerpa","Kansas City Royals","Pitcher","6' 0""",237,"L","L",72
676604,"Tyler Zuber","Tampa Bay Rays","Pitcher","5' 11""",195,"R","R",71
691172,"Yosver Zulueta","Cincinnati Reds","Pitcher","6' 1""",190,"R","R",73
670871,"Guillo Zuñiga","Los Angeles Angels","Pitcher","6' 5""",230,"R","R",77
